"interaction","name","selected","shared interaction","shared name","start_year"
"Communist Official","Sinkiang (Communist Official) 陳潭秋","false","Communist Official","Sinkiang (Communist Official) 陳潭秋","1939"
"Head","Guangdong Regional Committee (Head) 陳延年","false","Head","Guangdong Regional Committee (Head) 陳延年","1925"
"Member","Chinese people 's political consultative conference (Member) 陳寅恪","false","Member","Chinese people 's political consultative conference (Member) 陳寅恪","1959"
"Member","Chinese people 's political consultative conference (Member) 黃紹竑","false","Member","Chinese people 's political consultative conference (Member) 黃紹竑","1959"
"Member","Chinese people 's political consultative conference (Member) 簡照南","false","Member","Chinese people 's political consultative conference (Member) 簡照南","1949"
"Member","Chinese people 's political consultative conference (Member) 李德全","false","Member","Chinese people 's political consultative conference (Member) 李德全","1953"
"Member","Chinese people 's political consultative conference (Member) 劉文輝","false","Member","Chinese people 's political consultative conference (Member) 劉文輝","1951"
"Member","Chinese people 's political consultative conference (Member) 盧漢","false","Member","Chinese people 's political consultative conference (Member) 盧漢","1951"
"Member","Chinese people 's political consultative conference (Member) 馬寅初","false","Member","Chinese people 's political consultative conference (Member) 馬寅初","1959"
"Member","Chinese people 's political consultative conference (Member) 潘光旦","false","Member","Chinese people 's political consultative conference (Member) 潘光旦","1959"
"Member","Chinese people 's political consultative conference (Member) 葉恭綽","false","Member","Chinese people 's political consultative conference (Member) 葉恭綽","1954"
"Member","Guomingdang (Member) 閻錫山","false","Member","Guomingdang (Member) 閻錫山","1928"
"Secretary General","China League for Civil Rights (Secretary General) 楊銓","false","Secretary General","China League for Civil Rights (Secretary General) 楊銓","1932"
"Secretary General","China League for Civil Rights (Secretary General) 楊銓","false","Secretary General","China League for Civil Rights (Secretary General) 楊銓","1932"
"Executive Committee Member","China League for Civil Rights (Executive Committee Member) 周樹人","false","Executive Committee Member","China League for Civil Rights (Executive Committee Member) 周樹人","1933"
"Member","China League for Civil Rights (Member) 周樹人","false","Member","China League for Civil Rights (Member) 周樹人","1933"
"Member","Zhonghua Guomindang (Member) 詹大悲","false","Member","Zhonghua Guomindang (Member) 詹大悲","1914"
"Member","Guangfuhui [restoration Society] (Member) 章炳麟","false","Member","Guangfuhui [restoration Society] (Member) 章炳麟","1903"
"Member","Guangfuhui [restoration Society] (Member) 張繼","false","Member","Guangfuhui [restoration Society] (Member) 張繼","1904"
"Member","All-China Federation of Literary and Art Circles (Member) 艾青","false","Member","All-China Federation of Literary and Art Circles (Member) 艾青","1953"
"Standing Committee Member","All-China Federation of Literary and Art Circles (Standing Committee Member) 曹禺","false","Standing Committee Member","All-China Federation of Literary and Art Circles (Standing Committee Member) 曹禺","1949"
"Chairman","All-China Federation of Literary and Art Circles (Chairman) 郭沫若","false","Chairman","All-China Federation of Literary and Art Circles (Chairman) 郭沫若","1949"
"Chairman","All-China Federation of Literary and Art Circles (Chairman) 何其芳","false","Chairman","All-China Federation of Literary and Art Circles (Chairman) 何其芳","1940"
"Member","All-China Federation of Literary and Art Circles (Member) 梅蘭芳","false","Member","All-China Federation of Literary and Art Circles (Member) 梅蘭芳","1953"
"Member","All-China Federation of Literary and Art Circles (Member) 歐陽予倩","false","Member","All-China Federation of Literary and Art Circles (Member) 歐陽予倩","1949"
"Member","All-China Federation of Literary and Art Circles (Member) 田漢","false","Member","All-China Federation of Literary and Art Circles (Member) 田漢","1949"
"National Committee Member","All-China Federation of Literary and Art Circles (National Committee Member) 熊佛西","false","National Committee Member","All-China Federation of Literary and Art Circles (National Committee Member) 熊佛西","1953"
"National Committee Member","All-China Federation of Literary and Art Circles (National Committee Member) 熊佛西","false","National Committee Member","All-China Federation of Literary and Art Circles (National Committee Member) 熊佛西","1960"
"Member","All-China Federation of Literary and Art Circles (Member) 葉淺予","false","Member","All-China Federation of Literary and Art Circles (Member) 葉淺予","1960"
"Presidium Member","All-China Federation of Literary and Art Circles (Presidium Member) 周揚","false","Presidium Member","All-China Federation of Literary and Art Circles (Presidium Member) 周揚","1949"
"Vice Chairman","All-China Federation of Literary and Art Circles (Vice Chairman) 周揚","false","Vice Chairman","All-China Federation of Literary and Art Circles (Vice Chairman) 周揚","1949"
"Chairman","Central Party History Committee (Chairman) 張繼","false","Chairman","Central Party History Committee (Chairman) 張繼","1937"
"Member","Zhengwenshe (Member) 張嘉森","false","Member","Zhengwenshe (Member) 張嘉森","1907"
"Secretary general","Reformed Guomindang (Secretary general) 褚民誼","false","Secretary general","Reformed Guomindang (Secretary general) 褚民誼","1939"
"Secretary","Guangdong Provincial Committee (Secretary) 張太雷","false","Secretary","Guangdong Provincial Committee (Secretary) 張太雷",
"President","Marx-Lenin Academy (President) 張聞天","false","President","Marx-Lenin Academy (President) 張聞天","1940"
"Member","CCP (Member) 艾思奇","false","Member","CCP (Member) 艾思奇","1935"
"President","Marx-Lenin Academy (President) 朱家驊","false","President","Marx-Lenin Academy (President) 朱家驊","1940"
"Member","CCP (Member) 薄一波","false","Member","CCP (Member) 薄一波","1927"
"Central Committee Member","CCP (Central Committee Member) 薄一波","false","Central Committee Member","CCP (Central Committee Member) 薄一波","1945"
"Political Commissar","CCP (Political Commissar) 薄一波","false","Political Commissar","CCP (Political Commissar) 薄一波","1948"
"Secretary","CCP (Secretary) 薄一波","false","Secretary","CCP (Secretary) 薄一波","1948"
"Head","CCP (Head) 蔡暢","false","Head","CCP (Head) 蔡暢","1924"
"Alternate Member","CCP (Alternate Member) 蔡暢","false","Alternate Member","CCP (Alternate Member) 蔡暢","1934"
"Chief","Workers' Committee (Chief) 鄧發","false","Chief","Workers' Committee (Chief) 鄧發",
"Member","CCP (Member) 蔡暢","false","Member","CCP (Member) 蔡暢","1934"
"Central Committee Member","CCP (Central Committee Member) 蔡和森","false","Central Committee Member","CCP (Central Committee Member) 蔡和森","1922"
"Secretary","CCP (Secretary) 蔡和森","false","Secretary","CCP (Secretary) 蔡和森","1927"
"Member","CCP (Member) 曹禺","false","Member","CCP (Member) 曹禺","1957"
"Member","CCP (Member) 曹禺","false","Member","CCP (Member) 曹禺","1957"
"Chief","CCP (Chief) 陳伯達","false","Chief","CCP (Chief) 陳伯達","1937"
"Chief","CCP (Chief) 陳伯達","false","Chief","CCP (Chief) 陳伯達","1937"
"Chief","CCP (Chief) 陳伯達","false","Chief","CCP (Chief) 陳伯達","1937"
"Political Secretary","CCP (Political Secretary) 陳伯達","false","Political Secretary","CCP (Political Secretary) 陳伯達","1942"
"Central Committee Member","CCP (Central Committee Member) 陳伯達","false","Central Committee Member","CCP (Central Committee Member) 陳伯達","1945"
"Deputy Director","CCP (Deputy Director) 陳伯達","false","Deputy Director","CCP (Deputy Director) 陳伯達","1949"
"Deputy","Ussr Communist Party (Deputy) 鄧小平","false","Deputy","Ussr Communist Party (Deputy) 鄧小平","1956"
"Alternate Member","CCP (Alternate Member) 陳伯達","false","Alternate Member","CCP (Alternate Member) 陳伯達","1956"
"Alternate Member","CCP (Alternate Member) 陳伯達","false","Alternate Member","CCP (Alternate Member) 陳伯達","1956"
"Head","CCP (Head) 陳獨秀","false","Head","CCP (Head) 陳獨秀","1921"
"Member","CCP (Member) 陳賡","false","Member","CCP (Member) 陳賡","1922"
"Central Committee Member","CCP (Central Committee Member) 陳潭秋","false","Central Committee Member","CCP (Central Committee Member) 陳潭秋","1928"
"Representative","CCP (Representative) 陳潭秋","false","Representative","CCP (Representative) 陳潭秋","1939"
"Head","CCP (Head) 陳延年","false","Head","CCP (Head) 陳延年","1925"
"Member","CCP (Member) 陳延年","false","Member","CCP (Member) 陳延年","1927"
"Secretary","CCP (Secretary) 陳延年","false","Secretary","CCP (Secretary) 陳延年","1927"
"Member","CCP (Member) 陳毅","false","Member","CCP (Member) 陳毅","1923"
"Member","CCP (Member) 陳毅","false","Member","CCP (Member) 陳毅","1945"
"Secretary","CCP (Secretary) 陳毅","false","Secretary","CCP (Secretary) 陳毅","1949"
"Member","CCP (Member) 陳垣","false","Member","CCP (Member) 陳垣","1959"
"Labor Organizer","CCP (Labor Organizer) 陳雲","false","Labor Organizer","CCP (Labor Organizer) 陳雲","1924"
"Central Committee Member","CCP (Central Committee Member) 陳雲","false","Central Committee Member","CCP (Central Committee Member) 陳雲","1934"
"Member","North China Regional Committee (Member) 趙世炎","false","Member","North China Regional Committee (Member) 趙世炎",
"Communist Official","CCP (Communist Official) 陳雲","false","Communist Official","CCP (Communist Official) 陳雲","1948"
"Vice Chairman","CCP (Vice Chairman) 陳雲","false","Vice Chairman","CCP (Vice Chairman) 陳雲","1956"
"Vice Chairman","CCP (Vice Chairman) 程潛","false","Vice Chairman","CCP (Vice Chairman) 程潛","1949"
"Head","CCP (Head) 戴季陶","false","Head","CCP (Head) 戴季陶","1924"
"Labor Organizer","CCP (Labor Organizer) 鄧發","false","Labor Organizer","CCP (Labor Organizer) 鄧發","1927"
"Member","CCP (Member) 鄧發","false","Member","CCP (Member) 鄧發","1930"
"Member","CCP (Member) 鄧小平","false","Member","CCP (Member) 鄧小平","1938"
"Central Committee Member","CCP (Central Committee Member) 鄧小平","false","Central Committee Member","CCP (Central Committee Member) 鄧小平","1945"
"Vice President","All-China Federation of Democratic Women (Vice President) 鄧穎超","false","Vice President","All-China Federation of Democratic Women (Vice President) 鄧穎超","1949"
"Secretary","CCP (Secretary) 鄧小平","false","Secretary","CCP (Secretary) 鄧小平","1948"
"Delegate","All-China Federation of Democratic Women (Delegate) 李德全","false","Delegate","All-China Federation of Democratic Women (Delegate) 李德全","1949"
"Political Bureau Member","CCP (Political Bureau Member) 鄧小平","false","Political Bureau Member","CCP (Political Bureau Member) 鄧小平","1955"
"Vice President","All-China Federation of Democratic Women (Vice President) 李德全","false","Vice President","All-China Federation of Democratic Women (Vice President) 李德全","1949"
"Member","CCP (Member) 鄧小平","false","Member","CCP (Member) 鄧小平","1923"
"Member","Communist Youth League (Member) 鄧穎超","false","Member","Communist Youth League (Member) 鄧穎超","1924"
"Member","CCP (Member) 鄧穎超","false","Member","CCP (Member) 鄧穎超","1924"
"Member","Communist Youth League (Member) 林彪","false","Member","Communist Youth League (Member) 林彪","1926"
"Member","CCP (Member) 鄧穎超","false","Member","CCP (Member) 鄧穎超","1925"
"Head","Communist Youth League (Head) 饒漱石","false","Head","Communist Youth League (Head) 饒漱石","1929"
"Alternate Member","CCP (Alternate Member) 鄧穎超","false","Alternate Member","CCP (Alternate Member) 鄧穎超","1931"
"Director","Communist Youth League (Director) 任弼時","false","Director","Communist Youth League (Director) 任弼時","1925"
"Central Committee Member","CCP (Central Committee Member) 鄧穎超","false","Central Committee Member","CCP (Central Committee Member) 鄧穎超","1956"
"Secretary General","Communist Youth League (Secretary General) 任弼時","true","Secretary General","Communist Youth League (Secretary General) 任弼時","1926"
"Member","CCP (Member) 鄧穎超","false","Member","CCP (Member) 鄧穎超","1958"
"Secretary General","Communist Youth League (Secretary General) 任弼時","false","Secretary General","Communist Youth League (Secretary General) 任弼時","1927"
"Secretary","CCP (Secretary) 鄧中夏","false","Secretary","CCP (Secretary) 鄧中夏","1923"
"Vice Chairman","Liberated Areas Women's Federation (Vice Chairman) 鄧穎超","false","Vice Chairman","Liberated Areas Women's Federation (Vice Chairman) 鄧穎超","1946"
"Secretary","CCP (Secretary) 鄧中夏","false","Secretary","CCP (Secretary) 鄧中夏","1927"
"Director","CCP (Director) 鄧中夏","false","Director","CCP (Director) 鄧中夏","1932"
"Chief","Reorganized Guomindang (Chief) 鄧澤如","false","Chief","Reorganized Guomindang (Chief) 鄧澤如","1914"
"Member","CCP (Member) 鄧子恢","false","Member","CCP (Member) 鄧子恢","1926"
"Director","CCP (Director) 鄧子恢","false","Director","CCP (Director) 鄧子恢","1953"
"Political Liaison Officer","CCP (Political Liaison Officer) 鄧子恢","false","Political Liaison Officer","CCP (Political Liaison Officer) 鄧子恢",
"Member","CCP (Member) 丁玲","false","Member","CCP (Member) 丁玲","1933"
"Delegate","Comintern (Delegate) 鄧中夏","false","Delegate","Comintern (Delegate) 鄧中夏","1928"
"Director","CCP (Director) 董必武","false","Director","CCP (Director) 董必武","1932"
"Delegate","Comintern (Delegate) 康生","false","Delegate","Comintern (Delegate) 康生","1935"
"Spokesman","CCP (Spokesman) 範長江","false","Spokesman","CCP (Spokesman) 範長江","1945"
"Interpreter","Comintern (Interpreter) 王明","false","Interpreter","Comintern (Interpreter) 王明","1928"
"Member","CCP (Member) 高崗","false","Member","CCP (Member) 高崗","1926"
"Representative","Comintern (Representative) 王明","false","Representative","Comintern (Representative) 王明","1930"
"Member","CCP (Member) 関向應","false","Member","CCP (Member) 関向應","1925"
"Member","Comintern (Member) 王明","false","Member","Comintern (Member) 王明","1933"
"Central Committee Member","CCP (Central Committee Member) 関向應","false","Central Committee Member","CCP (Central Committee Member) 関向應","1928"
"Executive Committee Member","All-China Federation of Labor (Executive Committee Member) 鄧中夏","false","Executive Committee Member","All-China Federation of Labor (Executive Committee Member) 鄧中夏","1925"
"Committee Member","CCP (Committee Member) 関向應","false","Committee Member","CCP (Committee Member) 関向應","1930"
"Secretary General","All-China Federation of Labor (Secretary General) 劉少奇","false","Secretary General","All-China Federation of Labor (Secretary General) 劉少奇","1927"
"Secretary","CCP (Secretary) 関向應","false","Secretary","CCP (Secretary) 関向應","1942"
"Chairman","All-China Federation of Labor (Chairman) 劉少奇","false","Chairman","All-China Federation of Labor (Chairman) 劉少奇","1933"
"Central Committee Member","CCP (Central Committee Member) 賀龍","false","Central Committee Member","CCP (Central Committee Member) 賀龍","1945"
"Executive Committee Member","All-China Federation of Labor (Executive Committee Member) 蘇兆徵","false","Executive Committee Member","All-China Federation of Labor (Executive Committee Member) 蘇兆徵","1925"
"Political Bureau Member","CCP (Political Bureau Member) 賀龍","false","Political Bureau Member","CCP (Political Bureau Member) 賀龍","1956"
"Chairman","All-China Federation of Labor (Chairman) 蘇兆徵","false","Chairman","All-China Federation of Labor (Chairman) 蘇兆徵","1926"
"Member","CCP (Member) 何其芳","false","Member","CCP (Member) 何其芳","1940"
"Committee Member","All-China Federation of Labor (Committee Member) 項英","false","Committee Member","All-China Federation of Labor (Committee Member) 項英","1925"
"Member","CCP (Member) 胡也頻","false","Member","CCP (Member) 胡也頻","1930"
"Chairman","All-China Federation of Labor (Chairman) 項英","false","Chairman","All-China Federation of Labor (Chairman) 項英","1928"
"Member","CCP (Member) 黃克誠","false","Member","CCP (Member) 黃克誠","1950"
"Liaison Officer","All-China Federation of Labor (Liaison Officer) 王家祥","false","Liaison Officer","All-China Federation of Labor (Liaison Officer) 王家祥","1928"
"Division Commander","CCP (Division Commander) 黃克誠","false","Division Commander","CCP (Division Commander) 黃克誠","1930"
"Delegate","Profintern (Delegate) 鄧中夏","false","Delegate","Profintern (Delegate) 鄧中夏","1928"
"Military Commander","CCP (Military Commander) 黃克誠","false","Military Commander","CCP (Military Commander) 黃克誠","1941"
"Executive Committee Member","Profintern (Executive Committee Member) 鄧中夏","false","Executive Committee Member","Profintern (Executive Committee Member) 鄧中夏","1928"
"Secretary","CCP (Secretary) 黃克誠","false","Secretary","CCP (Secretary) 黃克誠","1949"
"Executive Committee Member","Profintern (Executive Committee Member) 鄧中夏","false","Executive Committee Member","Profintern (Executive Committee Member) 鄧中夏",
"Central Committee Member","CCP (Central Committee Member) 黃克誠","false","Central Committee Member","CCP (Central Committee Member) 黃克誠","1956"
"Secretariat Member","CCP (Secretariat Member) 黃克誠","false","Secretariat Member","CCP (Secretariat Member) 黃克誠","1956"
"Director","CCP (Director) 康生","false","Director","CCP (Director) 康生","1927"
"Central Committee Member","CCP (Central Committee Member) 康生","false","Central Committee Member","CCP (Central Committee Member) 康生","1928"
"Political Security Bureau Member","CCP (Political Security Bureau Member) 康生","false","Political Security Bureau Member","CCP (Political Security Bureau Member) 康生","1928"
"Candidate Member","CCP (Candidate Member) 康生","false","Candidate Member","CCP (Candidate Member) 康生","1935"
"Candidate Member","CCP (Candidate Member) 康生","false","Candidate Member","CCP (Candidate Member) 康生","1935"
"Member","CCP (Member) 康生","false","Member","CCP (Member) 康生","1937"
"Central Committee Member","CCP (Central Committee Member) 康生","false","Central Committee Member","CCP (Central Committee Member) 康生","1945"
"Secretary","CCP (Secretary) 康生","false","Secretary","CCP (Secretary) 康生","1949"
"Member","CCP (Member) 柯慶施","false","Member","CCP (Member) 柯慶施","1922"
"Secretary","CCP (Secretary) 柯慶施","false","Secretary","CCP (Secretary) 柯慶施","1951"
"Secretary","CCP (Secretary) 柯慶施","false","Secretary","CCP (Secretary) 柯慶施","1952"
"Secretary","CCP (Secretary) 柯慶施","false","Secretary","CCP (Secretary) 柯慶施","1955"
"Vice Chairman","Women's Federation of China (Vice Chairman) 朱德","false","Vice Chairman","Women's Federation of China (Vice Chairman) 朱德","1957"
"Central Committee Member","CCP (Central Committee Member) 柯慶施","false","Central Committee Member","CCP (Central Committee Member) 柯慶施","1956"
"Member","CCP (Member) 柯慶施","false","Member","CCP (Member) 柯慶施","1958"
"Central Committee Member","CCP (Central Committee Member) 李大釗","false","Central Committee Member","CCP (Central Committee Member) 李大釗","1922"
"Member","CCP (Member) 李富春","false","Member","CCP (Member) 李富春","1924"
"Central Committee Member","CCP (Central Committee Member) 李富春","false","Central Committee Member","CCP (Central Committee Member) 李富春","1934"
"Deputy Director","CCP (Deputy Director) 李富春","false","Deputy Director","CCP (Deputy Director) 李富春","1935"
"Director","CCP (Director) 李富春","false","Director","CCP (Director) 李富春","1937"
"Member","CCP (Member) 李富春","false","Member","CCP (Member) 李富春","1948"
"Political Instructor","Training Center for Political Workers (Political Instructor) 朱其華","false","Political Instructor","Training Center for Political Workers (Political Instructor) 朱其華","1938"
"Vice Chairman","CCP (Vice Chairman) 李富春","false","Vice Chairman","CCP (Vice Chairman) 李富春","1948"
"Member","CCP (Member) 李富春","false","Member","CCP (Member) 李富春","1956"
"Member","CCP (Member) 李克農","false","Member","CCP (Member) 李克農","1927"
"Secretary General","CCP (Secretary General) 李克農","false","Secretary General","CCP (Secretary General) 李克農","1932"
"Director","CCP (Director) 李克農","false","Director","CCP (Director) 李克農","1936"
"Deputy Director","CCP (Deputy Director) 李克農","false","Deputy Director","CCP (Deputy Director) 李克農","1938"
"Director","CCP (Director) 李克農","false","Director","CCP (Director) 李克農","1949"
"Political Bureau Member","CCP (Political Bureau Member) 李立三","false","Political Bureau Member","CCP (Political Bureau Member) 李立三","1927"
"Alternate Member","CCP (Alternate Member) 李維漢","false","Alternate Member","CCP (Alternate Member) 李維漢","1928"
"Director","Party Organization (Director) 丁惟汾","false","Director","Party Organization (Director) 丁惟汾","1912"
"Member","CCP (Member) 李維漢","false","Member","CCP (Member) 李維漢","1956"
"Commander","CCP (Commander) 李先念","false","Commander","CCP (Commander) 李先念","1945"
"Secretary","CCP (Secretary) 李先念","false","Secretary","CCP (Secretary) 李先念","1927"
"Central Committee Member","CCP (Central Committee Member) 李先念","false","Central Committee Member","CCP (Central Committee Member) 李先念","1945"
"Deputy Secretary","CCP (Deputy Secretary) 李先念","false","Deputy Secretary","CCP (Deputy Secretary) 李先念","1945"
"Deputy Secretary","CCP (Deputy Secretary) 李先念","false","Deputy Secretary","CCP (Deputy Secretary) 李先念","1953"
"Secretariat Member","CCP (Secretariat Member) 李先念","false","Secretariat Member","CCP (Secretariat Member) 李先念","1958"
"Member","CCP (Member) 李兆麟","false","Member","CCP (Member) 李兆麟","1930"
"Member","CCP (Member) 廖承志","false","Member","CCP (Member) 廖承志","1927"
"Member","CCP (Member) 林彪","false","Member","CCP (Member) 林彪","1927"
"Central Committee Member","CCP (Central Committee Member) 林彪","false","Central Committee Member","CCP (Central Committee Member) 林彪","1945"
"First Secretary","CCP (First Secretary) 林彪","false","First Secretary","CCP (First Secretary) 林彪","1949"
"First Secretary","CCP (First Secretary) 林彪","false","First Secretary","CCP (First Secretary) 林彪","1949"
"Political Bureau Member","CCP (Political Bureau Member) 林彪","false","Political Bureau Member","CCP (Political Bureau Member) 林彪","1955"
"Standing Committee Member","CCP (Standing Committee Member) 林彪","false","Standing Committee Member","CCP (Standing Committee Member) 林彪","1955"
"Member","CCP (Member) 林彪","false","Member","CCP (Member) 林彪","1958"
"Military Commander","Chaomei County (Military Commander) 鄒魯","false","Military Commander","Chaomei County (Military Commander) 鄒魯","1917"
"Vice Chairman","CCP (Vice Chairman) 林彪","false","Vice Chairman","CCP (Vice Chairman) 林彪","1958"
"Member","CCP (Member) 林伯渠","false","Member","CCP (Member) 林伯渠","1938"
"Commissioner","Salt Commissioner (Guangdong-Guangxi) (Commissioner) 鄒魯","false","Commissioner","Salt Commissioner (Guangdong-Guangxi) (Commissioner) 鄒魯","1920"
"Member","CCP (Member) 劉伯承","false","Member","CCP (Member) 劉伯承","1926"
"Assemblyman","Parliament (Assemblyman) 鄒魯","false","Assemblyman","Parliament (Assemblyman) 鄒魯","1913"
"Member","CCP (Member) 劉少奇","false","Member","CCP (Member) 劉少奇","1921"
"Standing Committee Member","Southwest Political Council (Standing Committee Member) 鄒魯","false","Standing Committee Member","Southwest Political Council (Standing Committee Member) 鄒魯","1930"
"Central Committee Member","CCP (Central Committee Member) 劉少奇","false","Central Committee Member","CCP (Central Committee Member) 劉少奇","1927"
"Member","CCP (Member) 劉少奇","false","Member","CCP (Member) 劉少奇","1934"
"Head","CCP (Head) 劉少奇","false","Head","CCP (Head) 劉少奇","1936"
"Member","CCP (Member) 劉少奇","false","Member","CCP (Member) 劉少奇","1943"
"Political Bureau Member","CCP (Political Bureau Member) 劉少奇","false","Political Bureau Member","CCP (Political Bureau Member) 劉少奇","1945"
"Secretary General","CCP (Secretary General) 劉少奇","false","Secretary General","CCP (Secretary General) 劉少奇","1945"
"Central Committee Member","CCP (Central Committee Member) 陸定一","false","Central Committee Member","CCP (Central Committee Member) 陸定一","1945"
"Director","CCP (Director) 陸定一","false","Director","CCP (Director) 陸定一","1949"
"Member","CCP (Member) 羅綺園","false","Member","CCP (Member) 羅綺園","1921"
"Member","CCP (Member) 羅綺園","false","Member","CCP (Member) 羅綺園","1921"
"Central Committee Member","CCP (Central Committee Member) 羅綺園","false","Central Committee Member","CCP (Central Committee Member) 羅綺園","1927"
"Secretary","CCP (Secretary) 羅榮桓","false","Secretary","CCP (Secretary) 羅榮桓","1939"
"Secretary","CCP (Secretary) 羅榮桓","false","Secretary","CCP (Secretary) 羅榮桓","1939"
"Central Committee Member","CCP (Central Committee Member) 羅榮桓","false","Central Committee Member","CCP (Central Committee Member) 羅榮桓","1945"
"Alternate Member","CCP (Alternate Member) 羅瑞卿","false","Alternate Member","CCP (Alternate Member) 羅瑞卿","1945"
"Director","CCP (Director) 羅瑞卿","false","Director","CCP (Director) 羅瑞卿","1948"
"Secretary General","CCP (Secretary General) 羅瑞卿","false","Secretary General","CCP (Secretary General) 羅瑞卿","1961"
"Secretary General","CCP (Secretary General) 羅瑞卿","false","Secretary General","CCP (Secretary General) 羅瑞卿","1961"
"Secretary","CCP (Secretary) 羅瑞卿","false","Secretary","CCP (Secretary) 羅瑞卿","1962"
"Member","CCP (Member) 羅瑞卿","false","Member","CCP (Member) 羅瑞卿","1955"
"Member","CCP (Member) 羅亦農","false","Member","CCP (Member) 羅亦農","1921"
"Alternate Member","CCP (Alternate Member) 羅亦農","false","Alternate Member","CCP (Alternate Member) 羅亦農","1925"
"Central Committee Member","CCP (Central Committee Member) 羅亦農","false","Central Committee Member","CCP (Central Committee Member) 羅亦農","1927"
"Deputy Director","CCP (Deputy Director) 馬超俊","false","Deputy Director","CCP (Deputy Director) 馬超俊","1935"
"Director","CCP (Director) 毛澤東","false","Director","CCP (Director) 毛澤東","1923"
"Central Committee Member","CCP (Central Committee Member) 毛澤東","false","Central Committee Member","CCP (Central Committee Member) 毛澤東","1928"
"Member","CCP (Member) 毛澤民","false","Member","CCP (Member) 毛澤民","1922"
"Director","CCP (Director) 毛澤民","false","Director","CCP (Director) 毛澤民","1931"
"Member","CCP (Member) 聶耳","false","Member","CCP (Member) 聶耳","1933"
"Labor Organizer","CCP (Labor Organizer) 聶榮臻","false","Labor Organizer","CCP (Labor Organizer) 聶榮臻","1927"
"Committee Member","CCP (Committee Member) 聶榮臻","false","Committee Member","CCP (Committee Member) 聶榮臻","1930"
"Central Committee Member","CCP (Central Committee Member) 聶榮臻","false","Central Committee Member","CCP (Central Committee Member) 聶榮臻","1945"
"Central Committee Member","CCP (Central Committee Member) 聶榮臻","false","Central Committee Member","CCP (Central Committee Member) 聶榮臻","1956"
"Member","CCP (Member) 彭德懷","false","Member","CCP (Member) 彭德懷","1928"
"Presidium Member","CCP (Presidium Member) 彭德懷","false","Presidium Member","CCP (Presidium Member) 彭德懷","1945"
"Central Committee Member","CCP (Central Committee Member) 彭德懷","false","Central Committee Member","CCP (Central Committee Member) 彭德懷","1956"
"Political Bureau Member","CCP (Political Bureau Member) 彭德懷","false","Political Bureau Member","CCP (Political Bureau Member) 彭德懷","1956"
"Presidium Member","CCP (Presidium Member) 彭德懷","false","Presidium Member","CCP (Presidium Member) 彭德懷","1956"
"Standing Committee Member","CCP (Standing Committee Member) 彭德懷","false","Standing Committee Member","CCP (Standing Committee Member) 彭德懷","1956"
"Central Committee Member","CCP (Central Committee Member) 彭湃","false","Central Committee Member","CCP (Central Committee Member) 彭湃","1927"
"Member","CCP (Member) 彭述之","false","Member","CCP (Member) 彭述之","1922"
"Central Committee Member","CCP (Central Committee Member) 彭述之","false","Central Committee Member","CCP (Central Committee Member) 彭述之","1925"
"Member","CCP (Member) 彭述之","false","Member","CCP (Member) 彭述之","1931"
"Central Committee Member","CCP (Central Committee Member) 彭真","false","Central Committee Member","CCP (Central Committee Member) 彭真","1945"
"Member","CCP (Member) 彭真","false","Member","CCP (Member) 彭真","1945"
"Presidium Member","CCP (Presidium Member) 彭真","false","Presidium Member","CCP (Presidium Member) 彭真","1945"
"Political Commissar","CCP (Political Commissar) 彭真","false","Political Commissar","CCP (Political Commissar) 彭真","1946"
"Deputy Director","CCP (Deputy Director) 彭真","false","Deputy Director","CCP (Deputy Director) 彭真","1948"
"Political Bureau Member","CCP (Political Bureau Member) 彭真","false","Political Bureau Member","CCP (Political Bureau Member) 彭真","1951"
"Member","CCP (Member) 秦邦憲","false","Member","CCP (Member) 秦邦憲","1925"
"Chairman","National Zhongshan University (Chairman) 董作賓","false","Chairman","National Zhongshan University (Chairman) 董作賓","1927"
"Member","CCP (Member) 秦邦憲","false","Member","CCP (Member) 秦邦憲","1931"
"Dean","National Zhongshan University (Dean) 董作賓","false","Dean","National Zhongshan University (Dean) 董作賓","1927"
"Secretary General","CCP (Secretary General) 秦邦憲","false","Secretary General","CCP (Secretary General) 秦邦憲","1931"
"Chancellor","National Zhongshan University (Chancellor) 鄒魯","false","Chancellor","National Zhongshan University (Chancellor) 鄒魯","1932"
"Secretary General","CCP (Secretary General) 秦邦憲","false","Secretary General","CCP (Secretary General) 秦邦憲","1932"
"Chancellor","National Zhongshan University (Chancellor) 鄒魯","false","Chancellor","National Zhongshan University (Chancellor) 鄒魯","1932"
"Liaison Officer","CCP (Liaison Officer) 秦邦憲","false","Liaison Officer","CCP (Liaison Officer) 秦邦憲","1936"
"Head","CCP (Head) 秦邦憲","false","Head","CCP (Head) 秦邦憲","1938"
"Member","CCP (Member) 秦邦憲","false","Member","CCP (Member) 秦邦憲","1938"
"Member","CCP (Member) 秦邦憲","false","Member","CCP (Member) 秦邦憲","1945"
"Member","CCP (Member) 瞿秋白","false","Member","CCP (Member) 瞿秋白","1922"
"Central Committee Member","CCP (Central Committee Member) 瞿秋白","false","Central Committee Member","CCP (Central Committee Member) 瞿秋白","1923"
"Vice Chairman","CCP (Vice Chairman) 瞿秋白","false","Vice Chairman","CCP (Vice Chairman) 瞿秋白","1925"
"Member","CCP (Member) 饒漱石","false","Member","CCP (Member) 饒漱石","1925"
"Head","CCP (Head) 饒漱石","false","Head","CCP (Head) 饒漱石","1939"
"Central Committee Member","CCP (Central Committee Member) 饒漱石","false","Central Committee Member","CCP (Central Committee Member) 饒漱石","1945"
"Chairman","CCP (Chairman) 饒漱石","false","Chairman","CCP (Chairman) 饒漱石","1949"
"First Secretary","CCP (First Secretary) 饒漱石","false","First Secretary","CCP (First Secretary) 饒漱石","1949"
"Political Commissar","CCP (Political Commissar) 饒漱石","false","Political Commissar","CCP (Political Commissar) 饒漱石","1949"
"Secretary","CCP (Secretary) 饒漱石","false","Secretary","CCP (Secretary) 饒漱石","1949"
"Member","CCP (Member) 任弼時","false","Member","CCP (Member) 任弼時","1922"
"Member","CCP (Member) 任弼時","false","Member","CCP (Member) 任弼時","1925"
"Member","CCP (Member) 任弼時","false","Member","CCP (Member) 任弼時","1927"
"Secretary","CCP (Secretary) 任弼時","false","Secretary","CCP (Secretary) 任弼時","1930"
"Head","CCP (Head) 任弼時","false","Head","CCP (Head) 任弼時","1931"
"Political Bureau Member","CCP (Political Bureau Member) 任弼時","false","Political Bureau Member","CCP (Political Bureau Member) 任弼時","1931"
"Secretary","CCP (Secretary) 任弼時","false","Secretary","CCP (Secretary) 任弼時","1933"
"Head","CCP (Head) 任弼時","false","Head","CCP (Head) 任弼時","1940"
"Member","CCP (Member) 任弼時","false","Member","CCP (Member) 任弼時","1940"
"Member","CCP (Member) 賽福鼎","false","Member","CCP (Member) 賽福鼎","1949"
"Member","CCP (Member) 賽福鼎","false","Member","CCP (Member) 賽福鼎","1950"
"Secretary","CCP (Secretary) 賽福鼎","false","Secretary","CCP (Secretary) 賽福鼎","1954"
"Alternate Member","CCP (Alternate Member) 賽福鼎","false","Alternate Member","CCP (Alternate Member) 賽福鼎","1956"
"Member","CCP (Member) 沈澤民","false","Member","CCP (Member) 沈澤民","1921"
"Head","CCP (Head) 沈澤民","false","Head","CCP (Head) 沈澤民","1931"
"Member","CCP (Member) 沈澤民","false","Member","CCP (Member) 沈澤民","1931"
"Secretary General","CCP (Secretary General) 沈澤民","false","Secretary General","CCP (Secretary General) 沈澤民","1931"
"Member","CCP (Member) 蘇兆徵","false","Member","CCP (Member) 蘇兆徵","1925"
"Member","CCP (Member) 蘇兆徵","false","Member","CCP (Member) 蘇兆徵","1925"
"Member","CCP (Member) 蘇兆徵","false","Member","CCP (Member) 蘇兆徵","1927"
"Committee Member","CCP (Committee Member) 譚平山","false","Committee Member","CCP (Committee Member) 譚平山","1927"
"Personal Secretary","CCP (Personal Secretary) 譚政","false","Personal Secretary","CCP (Personal Secretary) 譚政","1927"
"Member","CCP (Member) 譚震林","false","Member","CCP (Member) 譚震林","1926"
"Secretary","CCP (Secretary) 譚震林","false","Secretary","CCP (Secretary) 譚震林","1944"
"Central Committee Member","CCP (Central Committee Member) 譚震林","false","Central Committee Member","CCP (Central Committee Member) 譚震林","1945"
"Vice Chairman","CCP (Vice Chairman) 譚震林","false","Vice Chairman","CCP (Vice Chairman) 譚震林","1952"
"Secretariat Member","CCP (Secretariat Member) 譚震林","false","Secretariat Member","CCP (Secretariat Member) 譚震林","1956"
"Political Bureau Member","CCP (Political Bureau Member) 譚震林","false","Political Bureau Member","CCP (Political Bureau Member) 譚震林","1958"
"Member","CCP (Member) 田漢","false","Member","CCP (Member) 田漢","1931"
"Alternate Member","CCP (Alternate Member) 烏蘭夫","false","Alternate Member","CCP (Alternate Member) 烏蘭夫","1945"
"Member","CCP (Member) 烏蘭夫","false","Member","CCP (Member) 烏蘭夫","1956"
"Member","CCP (Member) 王明","false","Member","CCP (Member) 王明","1925"
"Secretary General","CCP (Secretary General) 王明","false","Secretary General","CCP (Secretary General) 王明","1928"
"Member","CCP (Member) 王明","false","Member","CCP (Member) 王明","1945"
"Head","CCP (Head) 王若飛","false","Head","CCP (Head) 王若飛","1922"
"Central Committee Member","CCP (Central Committee Member) 王若飛","false","Central Committee Member","CCP (Central Committee Member) 王若飛","1927"
"Member","CCP (Member) 王震","false","Member","CCP (Member) 王震","1927"
"Member","CCP (Member) 伍修權","false","Member","CCP (Member) 伍修權","1927"
"Member","CCP (Member) 吳玉章","false","Member","CCP (Member) 吳玉章","1925"
"Central Committee Member","CCP (Central Committee Member) 吳玉章","false","Central Committee Member","CCP (Central Committee Member) 吳玉章","1945"
"Member","CCP (Member) 吳玉章","false","Member","CCP (Member) 吳玉章","1954"
"Central Committee Member","CCP (Central Committee Member) 向警予","false","Central Committee Member","CCP (Central Committee Member) 向警予","1922"
"Member","CCP (Member) 項英","false","Member","CCP (Member) 項英","1923"
"Central Committee Member","CCP (Central Committee Member) 項英","false","Central Committee Member","CCP (Central Committee Member) 項英","1928"
"Member","CCP (Member) 項英","false","Member","CCP (Member) 項英","1928"
"Member","CCP (Member) 項英","false","Member","CCP (Member) 項英","1931"
"Secretary General","CCP (Secretary General) 項英","false","Secretary General","CCP (Secretary General) 項英","1931"
"Secretary","CCP (Secretary) 項英","false","Secretary","CCP (Secretary) 項英","1938"
"Labor Organizer","CCP (Labor Organizer) 向忠發","false","Labor Organizer","CCP (Labor Organizer) 向忠發","1922"
"Central Committee Member","CCP (Central Committee Member) 向忠發","false","Central Committee Member","CCP (Central Committee Member) 向忠發","1927"
"Secretary General","CCP (Secretary General) 向忠發","false","Secretary General","CCP (Secretary General) 向忠發","1928"
"Deputy Secretary","CCP (Deputy Secretary) 蕭華","false","Deputy Secretary","CCP (Deputy Secretary) 蕭華","1954"
"Central Committee Member","CCP (Central Committee Member) 蕭華","false","Central Committee Member","CCP (Central Committee Member) 蕭華","1956"
"Political Officer","CCP (Political Officer) 蕭華","false","Political Officer","CCP (Political Officer) 蕭華",
"Chief of Staff","CCP (Chief of Staff) 蕭克","false","Chief of Staff","CCP (Chief of Staff) 蕭克","1949"
"Company Commander","CCP (Company Commander) 蕭克","false","Company Commander","CCP (Company Commander) 蕭克","1927"
"Member","CCP (Member) 謝覺哉","false","Member","CCP (Member) 謝覺哉","1925"
"Secretary","CCP (Secretary) 謝覺哉","false","Secretary","CCP (Secretary) 謝覺哉","1938"
"Alternate Member","CCP (Alternate Member) 謝覺哉","false","Alternate Member","CCP (Alternate Member) 謝覺哉","1956"
"Vice President","CCP (Vice President) 謝覺哉","false","Vice President","CCP (Vice President) 謝覺哉","1954"
"Member","CCP (Member) 許廣平","false","Member","CCP (Member) 許廣平",
"Member","CCP (Member) 徐海東","false","Member","CCP (Member) 徐海東","1939"
"Member","CCP (Member) 徐特立","false","Member","CCP (Member) 徐特立","1927"
"Deputy Director","CCP (Deputy Director) 徐特立","false","Deputy Director","CCP (Deputy Director) 徐特立","1947"
"Deputy Director","CCP (Deputy Director) 徐特立","false","Deputy Director","CCP (Deputy Director) 徐特立","1947"
"Member","CCP (Member) 葉劍英","false","Member","CCP (Member) 葉劍英","1927"
"Member","CCP (Member) 葉劍英","false","Member","CCP (Member) 葉劍英","1945"
"Chief","CCP (Chief) 葉劍英","false","Chief","CCP (Chief) 葉劍英","1946"
"Member","CCP (Member) 葉劍英","false","Member","CCP (Member) 葉劍英","1966"
"Member","CCP (Member) 郁達夫","false","Member","CCP (Member) 郁達夫","1937"
"Central Committee Member","CCP (Central Committee Member) 王家祥","false","Central Committee Member","CCP (Central Committee Member) 王家祥","1931"
"Alternate Member","CCP (Alternate Member) 王家祥","false","Alternate Member","CCP (Alternate Member) 王家祥","1945"
"Member","CCP (Member) 王家祥","false","Member","CCP (Member) 王家祥","1946"
"Secretariat Member","CCP (Secretariat Member) 王家祥","false","Secretariat Member","CCP (Secretariat Member) 王家祥","1956"
"Secretary","CCP (Secretary) 王家祥","false","Secretary","CCP (Secretary) 王家祥","1956"
"Member","CCP (Member) 章伯鈞","false","Member","CCP (Member) 章伯鈞","1923"
"Member","CCP (Member) 張國燾","false","Member","CCP (Member) 張國燾","1927"
"Secretary","CCP (Secretary) 張太雷","false","Secretary","CCP (Secretary) 張太雷","1926"
"Secretary","CCP (Secretary) 張太雷","false","Secretary","CCP (Secretary) 張太雷","1926"
"Head","CCP (Head) 張太雷","false","Head","CCP (Head) 張太雷","1927"
"Secretary","CCP (Secretary) 張太雷","false","Secretary","CCP (Secretary) 張太雷","1927"
"Commissioner","CCP (Commissioner) 張太雷","false","Commissioner","CCP (Commissioner) 張太雷","1927"
"Member","CCP (Member) 張聞天","false","Member","CCP (Member) 張聞天","1925"
"Head","CCP (Head) 張聞天","false","Head","CCP (Head) 張聞天","1931"
"Head","CCP (Head) 張聞天","false","Head","CCP (Head) 張聞天","1931"
"Member","CCP (Member) 張聞天","false","Member","CCP (Member) 張聞天","1931"
"Member","CCP (Member) 張聞天","false","Member","CCP (Member) 張聞天","1931"
"Director","CCP (Director) 張聞天","false","Director","CCP (Director) 張聞天","1945"
"Secretary","CCP (Secretary) 張聞天","false","Secretary","CCP (Secretary) 張聞天","1949"
"Member","CCP (Member) 張聞天","false","Member","CCP (Member) 張聞天","1951"
"Central Committee Member","China Democratic League (Central Committee Member) 費孝通","false","Central Committee Member","China Democratic League (Central Committee Member) 費孝通","1956"
"Central Committee Member","CCP (Central Committee Member) 趙世炎","false","Central Committee Member","CCP (Central Committee Member) 趙世炎","1927"
"Chairman","China Democratic League (Chairman) 黃炎培","false","Chairman","China Democratic League (Chairman) 黃炎培","1944"
"Secretary","CCP (Secretary) 周保中","false","Secretary","CCP (Secretary) 周保中","1936"
"Deputy Chairman","China Democratic League (Deputy Chairman) 李璜","false","Deputy Chairman","China Democratic League (Deputy Chairman) 李璜","1941"
"Political Bureau Member","CCP (Political Bureau Member) 周恩來","false","Political Bureau Member","CCP (Political Bureau Member) 周恩來","1927"
"Head","China Democratic League (Head) 羅隆基","false","Head","China Democratic League (Head) 羅隆基","1944"
"Deputy","CCP (Deputy) 周恩來","false","Deputy","CCP (Deputy) 周恩來","1935"
"Member","China Democratic League (Member) 錢端升","false","Member","China Democratic League (Member) 錢端升","1952"
"Secretariat Member","CCP (Secretariat Member) 周恩來","false","Secretariat Member","CCP (Secretariat Member) 周恩來","1945"
"Member","China Democratic League (Member) 沈鈞儒","false","Member","China Democratic League (Member) 沈鈞儒","1941"
"Standing Committee Member","CCP (Standing Committee Member) 周恩來","false","Standing Committee Member","CCP (Standing Committee Member) 周恩來","1945"
"Chairman","China Democratic League (Chairman) 沈鈞儒","false","Chairman","China Democratic League (Chairman) 沈鈞儒","1956"
"Vice Chairman","CCP (Vice Chairman) 周恩來","false","Vice Chairman","CCP (Vice Chairman) 周恩來","1956"
"Leader","China Democratic League (Leader) 聞家驊","false","Leader","China Democratic League (Leader) 聞家驊","1937"
"Chairman","CCP (Chairman) 朱德","false","Chairman","CCP (Chairman) 朱德","1931"
"Chairman","China Democratic League (Chairman) 章伯鈞","false","Chairman","China Democratic League (Chairman) 章伯鈞","1945"
"Member","CCP (Member) 朱德","false","Member","CCP (Member) 朱德","1934"
"Secretary General","China Democratic League (Secretary General) 章伯鈞","false","Secretary General","China Democratic League (Secretary General) 章伯鈞","1926"
"Central Committee Member","CCP (Central Committee Member) 朱德","false","Central Committee Member","CCP (Central Committee Member) 朱德","1956"
"Secretary General","China Democratic League (Secretary General) 張東蓀","false","Secretary General","China Democratic League (Secretary General) 張東蓀","1946"
"Member","CCP (Member) 朱學範","false","Member","CCP (Member) 朱學範","1948"
"Central Committee Member","China Democratic League (Central Committee Member) 張嘉森","false","Central Committee Member","China Democratic League (Central Committee Member) 張嘉森","1945"
"Member","CCP (Member) 左權","false","Member","CCP (Member) 左權","1926"
"Head","China Democratic League (Head) 張嘉森","false","Head","China Democratic League (Head) 張嘉森","1945"
"Central Committee Member","Revolutionary Committee of the Guomindang (Central Committee Member) 馮玉祥","false","Central Committee Member","Revolutionary Committee of the Guomindang (Central Committee Member) 馮玉祥","1948"
"Member","Political Council (Member) 白崇禧","false","Member","Political Council (Member) 白崇禧","1928"
"Member","Political Council (Member) 蔡鍔","false","Member","Political Council (Member) 蔡鍔","1914"
"Chairman","Political Council (Chairman) 李宗仁","false","Chairman","Political Council (Chairman) 李宗仁","1927"
"Member","Political Council (Member) 商震","false","Member","Political Council (Member) 商震","1928"
"Political Council Member","Political Council (Political Council Member) 邵元沖","false","Political Council Member","Political Council (Political Council Member) 邵元沖","1924"
"Presidium Member","Political Council (Presidium Member) 譚平山","false","Presidium Member","Political Council (Presidium Member) 譚平山","1927"
"Head","Political Council (Head) 閻錫山","false","Head","Political Council (Head) 閻錫山","1928"
"Reserve Member","Sun Yat-sen's Provisional Central Executive Committee (Reserve Member) 馮自由","false","Reserve Member","Sun Yat-sen's Provisional Central Executive Committee (Reserve Member) 馮自由","1923"
"Deputy Chief","National Revolutionary Army (Deputy Chief) 白崇禧","false","Deputy Chief","National Revolutionary Army (Deputy Chief) 白崇禧","1926"
"Commander","National Revolutionary Army (Commander) 陳誠","false","Commander","National Revolutionary Army (Commander) 陳誠","1925"
"Commander in Chief","National Revolutionary Army (Commander in Chief) 陳立夫","false","Commander in Chief","National Revolutionary Army (Commander in Chief) 陳立夫","1926"
"Commander","National Revolutionary Army (Commander) 程潛","false","Commander","National Revolutionary Army (Commander) 程潛","1926"
"Commander","National Revolutionary Army (Commander) 程潛","false","Commander","National Revolutionary Army (Commander) 程潛","1927"
"Commander","National Revolutionary Army (Commander) 韓複榘","false","Commander","National Revolutionary Army (Commander) 韓複榘","1927"
"Officer","National Revolutionary Army (Officer) 黃克誠","false","Officer","National Revolutionary Army (Officer) 黃克誠","1926"
"Commander","National Revolutionary Army (Commander) 蔣介石","false","Commander","National Revolutionary Army (Commander) 蔣介石","1925"
"Head","National Revolutionary Army (Head) 李富春","false","Head","National Revolutionary Army (Head) 李富春","1926"
"Commander","National Revolutionary Army (Commander) 李宗仁","false","Commander","National Revolutionary Army (Commander) 李宗仁","1927"
"Commander","National Revolutionary Army (Commander) 馬鴻賓","false","Commander","National Revolutionary Army (Commander) 馬鴻賓","1927"
"Officer","National Revolutionary Army (Officer) 粟裕","false","Officer","National Revolutionary Army (Officer) 粟裕","1926"
"Staff Officer","National Revolutionary Army (Staff Officer) 湯恩伯","false","Staff Officer","National Revolutionary Army (Staff Officer) 湯恩伯","1927"
"Chief","National Revolutionary Army (Chief) 章伯鈞","false","Chief","National Revolutionary Army (Chief) 章伯鈞",
"Central Executive Committee Member","Guomindang (Central Executive Committee Member) 白崇禧","false","Central Executive Committee Member","Guomindang (Central Executive Committee Member) 白崇禧","1931"
"Central Committee Member","Guomindang (Central Committee Member) 白雲梯","false","Central Committee Member","Guomindang (Central Committee Member) 白雲梯","1924"
"Director","Guomindang (Director) 鮑爾漢","false","Director","Guomindang (Director) 鮑爾漢","1947"
"Alternate Member","Guomindang (Alternate Member) 蔡元培","false","Alternate Member","Guomindang (Alternate Member) 蔡元培","1924"
"Member","Guomindang (Member) 陳誠","false","Member","Guomindang (Member) 陳誠","1950"
"Member","Guomindang (Member) 陳誠","false","Member","Guomindang (Member) 陳誠","1952"
"Chief","Guomindang (Chief) 陳公博","false","Chief","Guomindang (Chief) 陳公博","1925"
"Member","Guomindang (Member) 陳公博","false","Member","Guomindang (Member) 陳公博","1925"
"Head","Guomindang (Head) 陳果夫","false","Head","Guomindang (Head) 陳果夫","1926"
"Chairman","Guomindang (Chairman) 陳果夫","false","Chairman","Guomindang (Chairman) 陳果夫","1945"
"Dean","Guomindang (Dean) 陳果夫","false","Dean","Guomindang (Dean) 陳果夫","1939"
"Central Executive Committee Member","Guomindang (Central Executive Committee Member) 陳濟棠","false","Central Executive Committee Member","Guomindang (Central Executive Committee Member) 陳濟棠","1930"
"Standing Committee Member","Guomindang (Standing Committee Member) 陳濟棠","false","Standing Committee Member","Guomindang (Standing Committee Member) 陳濟棠","1942"
"Director","Guomindang (Director) 陳立夫","false","Director","Guomindang (Director) 陳立夫","1928"
"Secretary General","Guomindang (Secretary General) 陳立夫","false","Secretary General","Guomindang (Secretary General) 陳立夫","1929"
"Member","Guomindang (Member) 陳立夫","false","Member","Guomindang (Member) 陳立夫","1929"
"Standing Committee Member","Guomindang (Standing Committee Member) 陳立夫","false","Standing Committee Member","Guomindang (Standing Committee Member) 陳立夫","1935"
"Central Executive Committee Member","Guomindang (Central Executive Committee Member) 陳紹寬","false","Central Executive Committee Member","Guomindang (Central Executive Committee Member) 陳紹寬","1935"
"Member","Guomindang (Member) 陳紹寬","false","Member","Guomindang (Member) 陳紹寬","1935"
"Member","Socialist Youth League (Member) 関向應","false","Member","Socialist Youth League (Member) 関向應","1922"
"Director","Guomindang (Director) 陳樹人","false","Director","Guomindang (Director) 陳樹人","1923"
"Member","Socialist Youth League (Member) 羅綺園","false","Member","Socialist Youth League (Member) 羅綺園","1921"
"Director","Guomindang (Director) 陳樹人","false","Director","Guomindang (Director) 陳樹人","1923"
"Member","Socialist Youth League (Member) 彭述之","false","Member","Socialist Youth League (Member) 彭述之","1920"
"Member","Guomindang (Member) 陳樹人","false","Member","Guomindang (Member) 陳樹人","1945"
"Secretary General","Socialist Youth League (Secretary General) 張太雷","false","Secretary General","Socialist Youth League (Secretary General) 張太雷","1923"
"Member","Guomindang (Member) 陳毅","false","Member","Guomindang (Member) 陳毅","1923"
"Central Executive Committee Member","Guomindang (Central Executive Committee Member) 陳友仁","false","Central Executive Committee Member","Guomindang (Central Executive Committee Member) 陳友仁","1926"
"Central Executive Committee Member","Guomindang (Central Executive Committee Member) 陳友仁","false","Central Executive Committee Member","Guomindang (Central Executive Committee Member) 陳友仁","1928"
"Central Political Council Member","Guomindang (Central Political Council Member) 陳友仁","false","Central Political Council Member","Guomindang (Central Political Council Member) 陳友仁","1928"
"Official","Guomindang (Official) 陳友仁","false","Official","Guomindang (Official) 陳友仁","1928"
"Member","Guomindang (Member) 程天放","false","Member","Guomindang (Member) 程天放","1921"
"Head","Guomindang (Head) 程天放","false","Head","Guomindang (Head) 程天放","1923"
"Member","Guomindang (Member) 程天放","false","Member","Guomindang (Member) 程天放","1926"
"Deputy Director","Guomindang (Deputy Director) 程天放","false","Deputy Director","Guomindang (Deputy Director) 程天放","1931"
"Member","Guomindang (Member) 程天放","false","Member","Guomindang (Member) 程天放","1935"
"Director","Guomindang (Director) 程天放","false","Director","Guomindang (Director) 程天放","1949"
"Alternate Member","Guomindang (Alternate Member) 褚民誼","false","Alternate Member","Guomindang (Alternate Member) 褚民誼","1926"
"Member","Guomindang (Member) 褚民誼","false","Member","Guomindang (Member) 褚民誼","1928"
"Central Executive Committee Member","Guomindang (Central Executive Committee Member) 戴季陶","false","Central Executive Committee Member","Guomindang (Central Executive Committee Member) 戴季陶","1924"
"UND","Guomindang (UND) 戴季陶","false","UND","Guomindang (UND) 戴季陶","1924"
"Secretary","Guomindang (Secretary) 戴季陶","false","Secretary","Guomindang (Secretary) 戴季陶","1928"
"Standing Committee Member","Guomindang (Standing Committee Member) 戴季陶","false","Standing Committee Member","Guomindang (Standing Committee Member) 戴季陶","1928"
"Member","East China Military and Administrative Committee (Member) 郭化若","false","Member","East China Military and Administrative Committee (Member) 郭化若",
"Central Executive Committee Member","Guomindang (Central Executive Committee Member) 戴笠","false","Central Executive Committee Member","Guomindang (Central Executive Committee Member) 戴笠","1945"
"Member","East China Military and Administrative Committee (Member) 康生","false","Member","East China Military and Administrative Committee (Member) 康生","1950"
"Alternate Member","Guomindang (Alternate Member) 鄧演達","false","Alternate Member","Guomindang (Alternate Member) 鄧演達","1926"
"Member","East China Military and Administrative Committee (Member) 康生","false","Member","East China Military and Administrative Committee (Member) 康生","1950"
"Member","Guomindang (Member) 鄧演達","false","Member","Guomindang (Member) 鄧演達","1927"
"Committee Member","East China Military and Administrative Committee (Committee Member) 王造時","false","Committee Member","East China Military and Administrative Committee (Committee Member) 王造時","1949"
"Member","Guomindang (Member) 鄧穎超","false","Member","Guomindang (Member) 鄧穎超","1924"
"Member","Guomindang (Member) 鄧穎超","false","Member","Guomindang (Member) 鄧穎超","1925"
"Alternate Member","Guomindang (Alternate Member) 鄧穎超","false","Alternate Member","Guomindang (Alternate Member) 鄧穎超","1926"
"Vice Chairman","Guomindang (Vice Chairman) 鄧穎超","false","Vice Chairman","Guomindang (Vice Chairman) 鄧穎超","1927"
"Director","Guomindang (Director) 丁惟汾","false","Director","Guomindang (Director) 丁惟汾","1923"
"Central Committee Member","Guomindang (Central Committee Member) 丁惟汾","false","Central Committee Member","Guomindang (Central Committee Member) 丁惟汾","1924"
"Director","Guomindang (Director) 丁惟汾","false","Director","Guomindang (Director) 丁惟汾","1924"
"Vice Chairman","General Political Department (Vice Chairman) 郭沫若","false","Vice Chairman","General Political Department (Vice Chairman) 郭沫若",
"Director","Guomindang (Director) 丁惟汾","false","Director","Guomindang (Director) 丁惟汾","1926"
"Secretary General","Guomindang (Secretary General) 丁惟汾","false","Secretary General","Guomindang (Secretary General) 丁惟汾","1931"
"Secretary General","Guomindang (Secretary General) 丁惟汾","false","Secretary General","Guomindang (Secretary General) 丁惟汾","1931"
"Dean","Guomindang (Dean) 丁惟汾","false","Dean","Guomindang (Dean) 丁惟汾","1929"
"Central Executive Committee Member","Guomindang (Central Executive Committee Member) 董顯光","false","Central Executive Committee Member","Guomindang (Central Executive Committee Member) 董顯光","1945"
"Chairman","Guomindang (Chairman) 段錫朋","false","Chairman","Guomindang (Chairman) 段錫朋","1938"
"Member","Guomindang (Member) 段錫朋","false","Member","Guomindang (Member) 段錫朋","1938"
"Central Executive Committee Member","Guomindang (Central Executive Committee Member) 傅作義","false","Central Executive Committee Member","Guomindang (Central Executive Committee Member) 傅作義","1935"
"Member","Guomindang (Member) 甘乃光","false","Member","Guomindang (Member) 甘乃光","1924"
"Member","Guomindang (Member) 甘乃光","false","Member","Guomindang (Member) 甘乃光","1926"
"Central Executive Committee Member","Guomindang (Central Executive Committee Member) 顧孟餘","false","Central Executive Committee Member","Guomindang (Central Executive Committee Member) 顧孟餘","1926"
"Head","Guomindang (Head) 顧孟餘","false","Head","Guomindang (Head) 顧孟餘","1927"
"Executive Committee Member","Guomindang (Executive Committee Member) 谷正鼎","false","Executive Committee Member","Guomindang (Executive Committee Member) 谷正鼎","1924"
"Secretary","Guomindang (Secretary) 谷正鼎","false","Secretary","Guomindang (Secretary) 谷正鼎","1928"
"Executive Committee Member","Guomindang (Executive Committee Member) 谷正鼎","false","Executive Committee Member","Guomindang (Executive Committee Member) 谷正鼎","1932"
"Central Executive Committee Member","Guomindang (Central Executive Committee Member) 谷正鼎","false","Central Executive Committee Member","Guomindang (Central Executive Committee Member) 谷正鼎","1935"
"Chairman","Guomindang (Chairman) 谷正鼎","false","Chairman","Guomindang (Chairman) 谷正鼎","1944"
"Deputy Director","Guomindang (Deputy Director) 谷正鼎","false","Deputy Director","Guomindang (Deputy Director) 谷正鼎","1946"
"Director","Guomindang (Director) 谷正鼎","false","Director","Guomindang (Director) 谷正鼎","1948"
"Director","Guomindang (Director) 谷正鼎","false","Director","Guomindang (Director) 谷正鼎","1948"
"Central Executive Committee Member","Guomindang (Central Executive Committee Member) 古正倫","false","Central Executive Committee Member","Guomindang (Central Executive Committee Member) 古正倫","1935"
"Central Executive Committee Member","Guomindang (Central Executive Committee Member) 顧祝同","false","Central Executive Committee Member","Guomindang (Central Executive Committee Member) 顧祝同","1931"
"Member","Guomindang (Member) 郭泰祺","false","Member","Guomindang (Member) 郭泰祺","1932"
"State Council Member","Guomindang (State Council Member) 韓複榘","false","State Council Member","Guomindang (State Council Member) 韓複榘","1928"
"Central Executive Committee Member","Guomindang (Central Executive Committee Member) 何鍵","false","Central Executive Committee Member","Guomindang (Central Executive Committee Member) 何鍵","1935"
"Member","Guomindang (Member) 賀耀組","false","Member","Guomindang (Member) 賀耀組","1931"
"Minister","Guomindang (Minister) 賀耀組","false","Minister","Guomindang (Minister) 賀耀組","1949"
"Central Executive Committee Member","Guomindang (Central Executive Committee Member) 何應欽","false","Central Executive Committee Member","Guomindang (Central Executive Committee Member) 何應欽","1929"
"Central Political Council Member","Guomindang (Central Political Council Member) 何應欽","false","Central Political Council Member","Guomindang (Central Political Council Member) 何應欽","1929"
"Member","Guomindang (Member) 何應欽","false","Member","Guomindang (Member) 何應欽","1950"
"Member","Guomindang (Member) 賀衷寒","false","Member","Guomindang (Member) 賀衷寒","1935"
"Member","Guomindang (Member) 胡漢民","false","Member","Guomindang (Member) 胡漢民","1924"
"Council Member","Guomindang (Council Member) 胡漢民","false","Council Member","Guomindang (Council Member) 胡漢民","1924"
"Member","Guomindang (Member) 胡漢民","false","Member","Guomindang (Member) 胡漢民","1926"
"Chairman","Guomindang (Chairman) 胡漢民","false","Chairman","Guomindang (Chairman) 胡漢民","1925"
"Member","Guomindang (Member) 胡漢民","false","Member","Guomindang (Member) 胡漢民","1935"
"Alternate Member","Guomindang (Alternate Member) 黃慕松","false","Alternate Member","Guomindang (Alternate Member) 黃慕松","1931"
"Member","Guomindang (Member) 黃少谷","false","Member","Guomindang (Member) 黃少谷","1952"
"Central Supervisory Committee Member","Guomindang (Central Supervisory Committee Member) 黃紹竑","false","Central Supervisory Committee Member","Guomindang (Central Supervisory Committee Member) 黃紹竑","1935"
"Military Councillor","Guomindang (Military Councillor) 蔣介石","false","Military Councillor","Guomindang (Military Councillor) 蔣介石","1925"
"Central Executive Committee Member","Guomindang (Central Executive Committee Member) 蔣介石","false","Central Executive Committee Member","Guomindang (Central Executive Committee Member) 蔣介石","1926"
"Member","Central soviet government (Member) 何叔衡","false","Member","Central soviet government (Member) 何叔衡","1931"
"Central Committee Member","Guomindang (Central Committee Member) 蔣經國","false","Central Committee Member","Guomindang (Central Committee Member) 蔣經國","1952"
"Standing Committee Member","Guomindang (Standing Committee Member) 蔣經國","false","Standing Committee Member","Guomindang (Standing Committee Member) 蔣經國","1952"
"Member","Guomindang (Member) 蔣作賓","false","Member","Guomindang (Member) 蔣作賓","1912"
"Member","Guomindang (Member) 蔣作賓","false","Member","Guomindang (Member) 蔣作賓","1931"
"Central Executive Committee Member","Guomindang (Central Executive Committee Member) 居正","false","Central Executive Committee Member","Guomindang (Central Executive Committee Member) 居正","1924"
"Standing Committee Member","Guomindang (Standing Committee Member) 居正","false","Standing Committee Member","Guomindang (Standing Committee Member) 居正","1924"
"Standing Committee Member","Guomindang Revolutionary Committee (Standing Committee Member) 何香凝","false","Standing Committee Member","Guomindang Revolutionary Committee (Standing Committee Member) 何香凝","1948"
"Standing Committee Member","Guomindang (Standing Committee Member) 居正","false","Standing Committee Member","Guomindang (Standing Committee Member) 居正","1926"
"Member","Guomindang Revolutionary Committee (Member) 李德全","false","Member","Guomindang Revolutionary Committee (Member) 李德全","1949"
"Central Executive Committee Member","Guomindang (Central Executive Committee Member) 居正","false","Central Executive Committee Member","Guomindang (Central Executive Committee Member) 居正","1931"
"Chairman","Guomindang Revolutionary Committee (Chairman) 李濟深","false","Chairman","Guomindang Revolutionary Committee (Chairman) 李濟深","1947"
"Standing Committee Member","Guomindang (Standing Committee Member) 居正","false","Standing Committee Member","Guomindang (Standing Committee Member) 居正","1931"
"Vice Chairman","Guomindang Revolutionary Committee (Vice Chairman) 龍雲","false","Vice Chairman","Guomindang Revolutionary Committee (Vice Chairman) 龍雲","1956"
"Central Executive Committee Member","Guomindang (Central Executive Committee Member) 孔祥熙","false","Central Executive Committee Member","Guomindang (Central Executive Committee Member) 孔祥熙","1929"
"Member","Guomindang Revolutionary Committee (Member) 衛立煌","false","Member","Guomindang Revolutionary Committee (Member) 衛立煌","1956"
"Central Executive Committee Member","Guomindang (Central Executive Committee Member) 李大釗","false","Central Executive Committee Member","Guomindang (Central Executive Committee Member) 李大釗","1923"
"Member","Guomindang (Member) 李富春","false","Member","Guomindang (Member) 李富春","1924"
"Head","Guomindang (Head) 李根源","false","Head","Guomindang (Head) 李根源","1912"
"Central Executive Committee Member","Guomindang (Central Executive Committee Member) 李濟深","false","Central Executive Committee Member","Guomindang (Central Executive Committee Member) 李濟深","1927"
"Chairman","Guomindang (Chairman) 李濟深","false","Chairman","Guomindang (Chairman) 李濟深","1927"
"Central Supervisory Committee Member","Guomindang (Central Supervisory Committee Member) 李濟深","false","Central Supervisory Committee Member","Guomindang (Central Supervisory Committee Member) 李濟深","1945"
"Central Executive Committee Member","Guomindang (Central Executive Committee Member) 李烈鈞","false","Central Executive Committee Member","Guomindang (Central Executive Committee Member) 李烈鈞","1924"
"Central Supervisory Committee Member","Guomindang (Central Supervisory Committee Member) 李石曾","false","Central Supervisory Committee Member","Guomindang (Central Supervisory Committee Member) 李石曾","1924"
"Central Executive Committee Member","Guomindang (Central Executive Committee Member) 李宗仁","false","Central Executive Committee Member","Guomindang (Central Executive Committee Member) 李宗仁","1932"
"Member","Guomindang (Member) 廖仲愷","false","Member","Guomindang (Member) 廖仲愷","1923"
"Central Executive Committee Member","Guomindang (Central Executive Committee Member) 廖仲愷","false","Central Executive Committee Member","Guomindang (Central Executive Committee Member) 廖仲愷","1924"
"Head","Guomindang (Head) 林伯渠","false","Head","Guomindang (Head) 林伯渠","1924"
"Member","Guomindang (Member) 林森","false","Member","Guomindang (Member) 林森","1923"
"Central Supervisory Committee Member","Guomindang (Central Supervisory Committee Member) 柳亞子","false","Central Supervisory Committee Member","Guomindang (Central Supervisory Committee Member) 柳亞子","1926"
"Central Executive Committee Member","Guomindang (Central Executive Committee Member) 劉峙","false","Central Executive Committee Member","Guomindang (Central Executive Committee Member) 劉峙","1929"
"Head","Guomindang (Head) 盧漢","false","Head","Guomindang (Head) 盧漢","1949"
"Vice Chairman","Guomindang (Vice Chairman) 羅家倫","false","Vice Chairman","Guomindang (Vice Chairman) 羅家倫","1945"
"Secretary","Guomindang (Secretary) 羅綺園","false","Secretary","Guomindang (Secretary) 羅綺園","1925"
"Deputy Director","Guomindang (Deputy Director) 馬超俊","false","Deputy Director","Guomindang (Deputy Director) 馬超俊","1938"
"Member","Guomindang (Member) 馬占山","false","Member","Guomindang (Member) 馬占山","1941"
"Delegate","Guomindang (Delegate) 麥斯武德·沙比爾","false","Delegate","Guomindang (Delegate) 麥斯武德·沙比爾","1935"
"Central Executive Committee Member","Guomindang (Central Executive Committee Member) 毛澤東","false","Central Executive Committee Member","Guomindang (Central Executive Committee Member) 毛澤東","1924"
"Member","Guomindang (Member) 潘公展","false","Member","Guomindang (Member) 潘公展","1935"
"Member","Guomindang (Member) 潘公展","false","Member","Guomindang (Member) 潘公展","1942"
"Member","Guomindang (Member) 任卓宣","false","Member","Guomindang (Member) 任卓宣","1922"
"Head","Guomindang (Head) 任卓宣","false","Head","Guomindang (Head) 任卓宣","1924"
"Head","Guomindang (Head) 任卓宣","false","Head","Guomindang (Head) 任卓宣","1942"
"Chairman","Guomindang (Chairman) 任卓宣","false","Chairman","Guomindang (Chairman) 任卓宣","1949"
"Vice Chairman","Guomindang (Vice Chairman) 任卓宣","false","Vice Chairman","Guomindang (Vice Chairman) 任卓宣","1949"
"Representative","Guomindang (Representative) 邵力子","false","Representative","Guomindang (Representative) 邵力子","1925"
"Member","Guomindang (Member) 邵力子","false","Member","Guomindang (Member) 邵力子","1926"
"Director","Guomindang (Director) 邵元沖","false","Director","Guomindang (Director) 邵元沖","1926"
"Member","Guomindang (Member) 沈鈞儒","false","Member","Guomindang (Member) 沈鈞儒","1911"
"Secretary","Guomindang (Secretary) 沈雁冰","false","Secretary","Guomindang (Secretary) 沈雁冰","1926"
"Member","Guomindang (Member) 沈澤民","false","Member","Guomindang (Member) 沈澤民","1924"
"Central Executive Committee Member","Guomindang (Central Executive Committee Member) 石瑛","false","Central Executive Committee Member","Guomindang (Central Executive Committee Member) 石瑛","1924"
"Member","Guomindang (Member) 石瑛","false","Member","Guomindang (Member) 石瑛","1913"
"Central Executive Committee Member","Guomindang (Central Executive Committee Member) 宋慶齡","false","Central Executive Committee Member","Guomindang (Central Executive Committee Member) 宋慶齡","1926"
"Central Executive Committee Member","Guomindang (Central Executive Committee Member) 宋子文","false","Central Executive Committee Member","Guomindang (Central Executive Committee Member) 宋子文","1926"
"Minister","Guomindang (Minister) 宋子文","false","Minister","Guomindang (Minister) 宋子文","1926"
"Member","Guomindang (Member) 孫科","false","Member","Guomindang (Member) 孫科","1926"
"Central Executive Committee Member","Guomindang (Central Executive Committee Member) 譚平山","false","Central Executive Committee Member","Guomindang (Central Executive Committee Member) 譚平山","1926"
"Member","Guomindang (Member) 譚延闓","false","Member","Guomindang (Member) 譚延闓","1924"
"Member","Guomindang (Member) 譚延闓","false","Member","Guomindang (Member) 譚延闓","1924"
"Member","People 's political council (Member) 胡霖","false","Member","People 's political council (Member) 胡霖","1942"
"Member","Guomindang (Member) 譚延闓","false","Member","Guomindang (Member) 譚延闓","1924"
"Member","People 's political council (Member) 羅文幹","false","Member","People 's political council (Member) 羅文幹","1938"
"Central Executive Committee Member","Guomindang (Central Executive Committee Member) 覃振","false","Central Executive Committee Member","Guomindang (Central Executive Committee Member) 覃振","1924"
"Member","Guomindang (Member) 覃振","false","Member","Guomindang (Member) 覃振","1924"
"Chief","Guomindang (Chief) 覃振","false","Chief","Guomindang (Chief) 覃振","1931"
"Member","Guomindang (Member) 覃振","false","Member","Guomindang (Member) 覃振","1931"
"Secretary","Guomindang (Secretary) 陶希聖","false","Secretary","Guomindang (Secretary) 陶希聖","1927"
"Director","Guomindang (Director) 陶希聖","false","Director","Guomindang (Director) 陶希聖","1952"
"Central Supervisory Committee Member","Guomindang (Central Supervisory Committee Member) 王寵惠","false","Central Supervisory Committee Member","Guomindang (Central Supervisory Committee Member) 王寵惠","1926"
"Head","Guomindang (Head) 汪精衛","false","Head","Guomindang (Head) 汪精衛","1928"
"Vice Zongcai","Guomindang (Vice Zongcai) 汪精衛","false","Vice Zongcai","Guomindang (Vice Zongcai) 汪精衛","1937"
"Representative","Guomindang (Representative) 王正廷","false","Representative","Guomindang (Representative) 王正廷","1922"
"Central Executive Committee Member","Guomindang (Central Executive Committee Member) 衛立煌","false","Central Executive Committee Member","Guomindang (Central Executive Committee Member) 衛立煌","1935"
"Central Political Council Member","Guomindang (Central Political Council Member) 伍朝樞","false","Central Political Council Member","Guomindang (Central Political Council Member) 伍朝樞","1924"
"Secretary General","Guomindang (Secretary General) 伍朝樞","false","Secretary General","Guomindang (Secretary General) 伍朝樞","1924"
"Central Executive Committee Member","Guomindang (Central Executive Committee Member) 伍朝樞","false","Central Executive Committee Member","Guomindang (Central Executive Committee Member) 伍朝樞","1926"
"Minister","Guomindang (Minister) 吳國楨","false","Minister","Guomindang (Minister) 吳國楨","1945"
"Chief Aide","Guomindang (Chief Aide) 吳鐵城","false","Chief Aide","Guomindang (Chief Aide) 吳鐵城","1916"
"Member","Guomindang (Member) 吳鐵城","false","Member","Guomindang (Member) 吳鐵城","1924"
"Central Executive Committee Member","Guomindang (Central Executive Committee Member) 吳鐵城","false","Central Executive Committee Member","Guomindang (Central Executive Committee Member) 吳鐵城","1929"
"Secretary","Guomindang (Secretary) 吳玉章","false","Secretary","Guomindang (Secretary) 吳玉章","1924"
"Central Executive Committee Member","Guomindang (Central Executive Committee Member) 吳玉章","false","Central Executive Committee Member","Guomindang (Central Executive Committee Member) 吳玉章","1926"
"Secretary General","Guomindang (Secretary General) 吳玉章","false","Secretary General","Guomindang (Secretary General) 吳玉章","1926"
"Central Supervisory Committee Member","Guomindang (Central Supervisory Committee Member) 吳稚輝","false","Central Supervisory Committee Member","Guomindang (Central Supervisory Committee Member) 吳稚輝","1924"
"Member","Guomindang (Member) 吳忠信","false","Member","Guomindang (Member) 吳忠信","1935"
"Head","Guomindang (Head) 蕭佛成","false","Head","Guomindang (Head) 蕭佛成","1926"
"Central Supervisory Committee Member","Guomindang (Central Supervisory Committee Member) 蕭佛成","false","Central Supervisory Committee Member","Guomindang (Central Supervisory Committee Member) 蕭佛成","1929"
"Secretary","Guomindang (Secretary) 蕭同茲","false","Secretary","Guomindang (Secretary) 蕭同茲","1928"
"Member","Guomindang (Member) 謝覺哉","false","Member","Guomindang (Member) 謝覺哉","1924"
"Member","Guomindang (Member) 謝覺哉","false","Member","Guomindang (Member) 謝覺哉","1926"
"Member","Guomindang (Member) 熊克武","false","Member","Guomindang (Member) 熊克武","1935"
"Member","Guomindang (Member) 熊式輝","false","Member","Guomindang (Member) 熊式輝","1933"
"Central Executive Committee Member","Guomindang (Central Executive Committee Member) 熊式輝","false","Central Executive Committee Member","Guomindang (Central Executive Committee Member) 熊式輝","1935"
"Central Supervisory Committee Member","Guomindang (Central Supervisory Committee Member) 許崇智","false","Central Supervisory Committee Member","Guomindang (Central Supervisory Committee Member) 許崇智","1924"
"Central Supervisory Committee Member","Guomindang (Central Supervisory Committee Member) 許崇智","false","Central Supervisory Committee Member","Guomindang (Central Supervisory Committee Member) 許崇智","1931"
"Standing Committee Member","Guomindang (Standing Committee Member) 徐謙","false","Standing Committee Member","Guomindang (Standing Committee Member) 徐謙","1927"
"Central Supervisory Committee Member","Guomindang (Central Supervisory Committee Member) 徐永昌","false","Central Supervisory Committee Member","Guomindang (Central Supervisory Committee Member) 徐永昌","1935"
"General","Guomindang (General) 徐永昌","false","General","Guomindang (General) 徐永昌","1952"
"Member","Guomindang (Member) 徐永昌","false","Member","Guomindang (Member) 徐永昌","1952"
"Member","Guomindang (Member) 閻錫山","false","Member","Guomindang (Member) 閻錫山","1960"
"Presidential Adviser","Guomindang (Presidential Adviser) 閻錫山","false","Presidential Adviser","Guomindang (Presidential Adviser) 閻錫山","1960"
"Chairman","Beijing Political Affairs Council (Chairman) 黃郛","false","Chairman","Beijing Political Affairs Council (Chairman) 黃郛","1933"
"Member","Guomindang (Member) 楊虎城","false","Member","Guomindang (Member) 楊虎城","1931"
"Alternate Member","Guomindang (Alternate Member) 楊傑","false","Alternate Member","Guomindang (Alternate Member) 楊傑","1931"
"Member","Guomindang (Member) 堯樂博斯","false","Member","Guomindang (Member) 堯樂博斯","1945"
"Battalion Commander","Guomindang (Battalion Commander) 葉挺","false","Battalion Commander","Guomindang (Battalion Commander) 葉挺","1920"
"Member","Guomindang (Member) 葉挺","false","Member","Guomindang (Member) 葉挺","1920"
"Central Executive Committee Member","Guomindang (Central Executive Committee Member) 余漢謀","false","Central Executive Committee Member","Guomindang (Central Executive Committee Member) 余漢謀","1935"
"Central Executive Committee Member","Guomindang (Central Executive Committee Member) 于右任","false","Central Executive Committee Member","Guomindang (Central Executive Committee Member) 于右任","1924"
"Alternate Member","Guomindang (Alternate Member) 曾仲鳴","false","Alternate Member","Guomindang (Alternate Member) 曾仲鳴","1932"
"Secretary","Guomindang (Secretary) 張道藩","false","Secretary","Guomindang (Secretary) 張道藩","1928"
"Committee Member","Guomindang (Committee Member) 張道藩","false","Committee Member","Guomindang (Committee Member) 張道藩","1938"
"Member","Guomindang (Member) 張道藩","false","Member","Guomindang (Member) 張道藩","1945"
"Dean","Guomindang (Dean) 張道藩","false","Dean","Guomindang (Dean) 張道藩","1939"
"Chancellor","Guomindang (Chancellor) 張道藩","false","Chancellor","Guomindang (Chancellor) 張道藩","1941"
"Central Supervisory Committee Member","Guomindang (Central Supervisory Committee Member) 張發奎","false","Central Supervisory Committee Member","Guomindang (Central Supervisory Committee Member) 張發奎","1931"
"Member","Guomindang (Member) 張繼","false","Member","Guomindang (Member) 張繼","1924"
"Director","Guomindang (Director) 張繼","false","Director","Guomindang (Director) 張繼","1933"
"Executive Committee Member","Guomindang (Executive Committee Member) 張厲生","false","Executive Committee Member","Guomindang (Executive Committee Member) 張厲生","1924"
"Member","Guomindang (Member) 張厲生","false","Member","Guomindang (Member) 張厲生","1927"
"Central Executive Committee Member","Guomindang (Central Executive Committee Member) 張厲生","false","Central Executive Committee Member","Guomindang (Central Executive Committee Member) 張厲生","1935"
"Director","Guomindang (Director) 張厲生","false","Director","Guomindang (Director) 張厲生","1936"
"Chief","Guomindang (Chief) 張厲生","false","Chief","Guomindang (Chief) 張厲生","1936"
"Honorary Editor","Guomindang (Honorary Editor) 張默君","false","Honorary Editor","Guomindang (Honorary Editor) 張默君","1931"
"Member","Guomindang (Member) 張默君","false","Member","Guomindang (Member) 張默君","1933"
"Member","Guomindang (Member) 張默君","false","Member","Guomindang (Member) 張默君","1933"
"Member","Guomindang (Member) 張默君","false","Member","Guomindang (Member) 張默君","1935"
"Secretary General","Guomindang (Secretary General) 張其昀","false","Secretary General","Guomindang (Secretary General) 張其昀","1950"
"Central Executive Committee Member","Guomindang (Central Executive Committee Member) 張其昀","false","Central Executive Committee Member","Guomindang (Central Executive Committee Member) 張其昀","1952"
"Central Executive Committee Member","Guomindang (Central Executive Committee Member) 張群","false","Central Executive Committee Member","Guomindang (Central Executive Committee Member) 張群","1929"
"Central Executive Committee Member","Guomindang (Central Executive Committee Member) 張人傑","false","Central Executive Committee Member","Guomindang (Central Executive Committee Member) 張人傑","1924"
"Central Supervisory Committee Member","Guomindang (Central Supervisory Committee Member) 張人傑","false","Central Supervisory Committee Member","Guomindang (Central Supervisory Committee Member) 張人傑","1925"
"Member","Guomindang (Member) 張學良","false","Member","Guomindang (Member) 張學良","1930"
"Executive Committee Member","Guomindang (Executive Committee Member) 周恩來","false","Executive Committee Member","Guomindang (Executive Committee Member) 周恩來","1924"
"Delegate","Guomindang (Delegate) 周佛海","false","Delegate","Guomindang (Delegate) 周佛海","1929"
"Central Executive Committee Member","Guomindang (Central Executive Committee Member) 周佛海","false","Central Executive Committee Member","Guomindang (Central Executive Committee Member) 周佛海","1931"
"Director","Guomindang (Director) 周佛海","false","Director","Guomindang (Director) 周佛海","1937"
"Director","Guomindang (Director) 周佛海","false","Director","Guomindang (Director) 周佛海","1938"
"Member","Guomindang (Member) 朱德","false","Member","Guomindang (Member) 朱德","1912"
"Member","Guomindang (Member) 朱家驊","false","Member","Guomindang (Member) 朱家驊","1929"
"Central Executive Committee Member","Guomindang (Central Executive Committee Member) 朱家驊","false","Central Executive Committee Member","Guomindang (Central Executive Committee Member) 朱家驊","1935"
"Member","Guomindang (Member) 朱経農","false","Member","Guomindang (Member) 朱経農","1945"
"Standing Committee Member","Guomindang (Standing Committee Member) 朱経農","false","Standing Committee Member","Guomindang (Standing Committee Member) 朱経農","1945"
"Member","Guomindang (Member) 朱紹良","false","Member","Guomindang (Member) 朱紹良","1935"
"Member","Guomindang (Member) 鄒魯","false","Member","Guomindang (Member) 鄒魯","1924"
"Head","Chinese technical mission to washington (Head) 貝祖詒","false","Head","Chinese technical mission to washington (Head) 貝祖詒","1948"
"Dean","Youth Cadres Training School (Dean) 蔣經國","false","Dean","Youth Cadres Training School (Dean) 蔣經國","1944"
"Delegate","Comintern Conference (Delegate) 蔡暢","false","Delegate","Comintern Conference (Delegate) 蔡暢","1928"
"Presidium member","All-china federation of trade unions (Presidium member) 蔡暢","false","Presidium member","All-china federation of trade unions (Presidium member) 蔡暢","1957"
"Head","Jiangxi Provincial Committee of the Chinese Communist Party (Head) 蔡暢","false","Head","Jiangxi Provincial Committee of the Chinese Communist Party (Head) 蔡暢","1931"
"Head","Jiangxi Provincial Committee of the Chinese Communist Party (Head) 蔡暢","false","Head","Jiangxi Provincial Committee of the Chinese Communist Party (Head) 蔡暢","1931"
"Secretary","Women's Work Committee (Secretary) 蔡暢","false","Secretary","Women's Work Committee (Secretary) 蔡暢",
"Candidate Member","Executive Committee (Candidate Member) 康生","false","Candidate Member","Executive Committee (Candidate Member) 康生","1935"
"Delegate","Rumanian Workers Party (Delegate) 康生","false","Delegate","Rumanian Workers Party (Delegate) 康生","1960"
"Member","People 's revolutionary military council (Member) 蔡廷鍇","false","Member","People 's revolutionary military council (Member) 蔡廷鍇","1952"
"UND","Constitutionalist Party (UND) 李大明","false","UND","Constitutionalist Party (UND) 李大明","1928"
"Head","Constitutionalist Party (Head) 伍憲子","false","Head","Constitutionalist Party (Head) 伍憲子","1945"
"President","Control Yuan (President) 蔡元培","false","President","Control Yuan (President) 蔡元培","1928"
"Vice President","Control Yuan (Vice President) 丁惟汾","false","Vice President","Control Yuan (Vice President) 丁惟汾","1931"
"Member","Control Yuan (Member) 居正","false","Member","Control Yuan (Member) 居正","1948"
"Member","Control Yuan (Member) 吳忠信","false","Member","Control Yuan (Member) 吳忠信","1931"
"Vice President","Control Yuan (Vice President) 許崇智","false","Vice President","Control Yuan (Vice President) 許崇智","1931"
"Commissioner","Control Yuan (Commissioner) 鄒魯","false","Commissioner","Control Yuan (Commissioner) 鄒魯","1945"
"City Planner","People's Republic of China (City Planner) 梁思成","false","City Planner","People's Republic of China (City Planner) 梁思成","1949"
"Chairman","People's Republic of China (Chairman) 劉少奇","false","Chairman","People's Republic of China (Chairman) 劉少奇","1959"
"Executive Committee Member","People's Republic of China (Executive Committee Member) 吳貽芳","false","Executive Committee Member","People's Republic of China (Executive Committee Member) 吳貽芳","1957"
"Vice Chairman","People's Republic of China (Vice Chairman) 朱德","false","Vice Chairman","People's Republic of China (Vice Chairman) 朱德","1954"
"Director","United front work department (Director) 廖承志","false","Director","United front work department (Director) 廖承志","1951"
"Chairman","All-China Federation of Democratic Youth (Chairman) 廖承志","false","Chairman","All-China Federation of Democratic Youth (Chairman) 廖承志","1949"
"Vice Chairman","All-China Federation of Democratic Youth (Vice Chairman) 錢三強","false","Vice Chairman","All-China Federation of Democratic Youth (Vice Chairman) 錢三強","1949"
"Head","Workers Department (Head) 廖仲愷","false","Head","Workers Department (Head) 廖仲愷","1924"
"Secretary","Gongchandong (Secretary) 林彪","false","Secretary","Gongchandong (Secretary) 林彪","1949"
"Deputy Director","General Affairs Department (Deputy Director) 林伯渠","false","Deputy Director","General Affairs Department (Deputy Director) 林伯渠","1923"
"Minister","Left-Guomindang Regime (Minister) 林伯渠","false","Minister","Left-Guomindang Regime (Minister) 林伯渠",
"Committee Member","Constitutional Drafting Committee (Committee Member) 林長民","false","Committee Member","Constitutional Drafting Committee (Committee Member) 林長民","1922"
"Director","Central Party Headquarters (Director) 林森","false","Director","Central Party Headquarters (Director) 林森","1924"
"Chairman","Chinese Nationalist League (Chairman) 林森","false","Chairman","Chinese Nationalist League (Chairman) 林森","1914"
"Vice Chairman","Chinese Nationalist League (Vice Chairman) 林森","false","Vice Chairman","Chinese Nationalist League (Vice Chairman) 林森","1914"
"Secretary General","Third National Labor Congress (Secretary General) 劉少奇","false","Secretary General","Third National Labor Congress (Secretary General) 劉少奇","1926"
"Member","Jiangsu Executive Committee (Member) 柳亞子","false","Member","Jiangsu Executive Committee (Member) 柳亞子",
"Member","Political Consultative Conference (Member) 陸定一","false","Member","Political Consultative Conference (Member) 陸定一","1946"
"Delegate","Political Consultative Conference (Delegate) 莫德惠","false","Delegate","Political Consultative Conference (Delegate) 莫德惠","1946"
"Delegate","Political Consultative Conference (Delegate) 邵力子","false","Delegate","Political Consultative Conference (Delegate) 邵力子","1946"
"Committee Member","Political Consultative Conference (Committee Member) 章伯鈞","false","Committee Member","Political Consultative Conference (Committee Member) 章伯鈞","1946"
"Member","Guangdong Committee (Member) 儸登賢","false","Member","Guangdong Committee (Member) 儸登賢","1927"
"Head","War Area Political Affairs Commission (Head) 羅家倫","false","Head","War Area Political Affairs Commission (Head) 羅家倫","1928"
"Member","War Area Political Affairs Commission (Member) 羅家倫","false","Member","War Area Political Affairs Commission (Member) 羅家倫","1928"
"Deputy Director","Zhongyang Dangwu Xuexiao (Central Party Affairs Institute) (Deputy Director) 羅家倫","false","Deputy Director","Zhongyang Dangwu Xuexiao (Central Party Affairs Institute) (Deputy Director) 羅家倫","1927"
"Director","Peasant Movement Training Institute (Director) 羅綺園","false","Director","Peasant Movement Training Institute (Director) 羅綺園","1924"
"Director","Peasant Movement Training Institute (Director) 羅綺園","false","Director","Peasant Movement Training Institute (Director) 羅綺園","1924"
"Secretary","Communist University for Toilers of the East (Secretary) 羅亦農","false","Secretary","Communist University for Toilers of the East (Secretary) 羅亦農","1923"
"Member","Zhigongdang (Member) 馬超俊","false","Member","Zhigongdang (Member) 馬超俊",
"Delegate","World Peace Conference (Delegate) 曹禺","false","Delegate","World Peace Conference (Delegate) 曹禺",
"Delegate","World Peace Conference (Delegate) 吳貽芳","false","Delegate","World Peace Conference (Delegate) 吳貽芳","1955"
"Executive Secretary","Gonghedang [Republican Party] (Executive Secretary) 孟森","false","Executive Secretary","Gonghedang [Republican Party] (Executive Secretary) 孟森","1912"
"Member","Gonghedang [Republican Party] (Member) 王揖唐","false","Member","Gonghedang [Republican Party] (Member) 王揖唐","1912"
"Director","Gonghedang [Republican Party] (Director) 張謇","false","Director","Gonghedang [Republican Party] (Director) 張謇","1912"
"Committee Member","Revolutionary Committee (Committee Member) 彭湃","false","Committee Member","Revolutionary Committee (Committee Member) 彭湃","1927"
"Member","All-China Peasant Association (Member) 彭湃","false","Member","All-China Peasant Association (Member) 彭湃","1927"
"Instructor","Central Party School (Instructor) 陳伯達","false","Instructor","Central Party School (Instructor) 陳伯達","1937"
"Vice President","Central Party School (Vice President) 康生","false","Vice President","Central Party School (Vice President) 康生","1937"
"Head","Central Party School (Head) 李維漢","false","Head","Central Party School (Head) 李維漢","1932"
"Deputy Secretary","Supreme National Defense Council (Deputy Secretary) 陳布雷","false","Deputy Secretary","Supreme National Defense Council (Deputy Secretary) 陳布雷","1939"
"Member","Supreme National Defense Council (Member) 陳果夫","false","Member","Supreme National Defense Council (Member) 陳果夫","1945"
"Representative","Supreme National Defense Council (Representative) 鄧穎超","false","Representative","Supreme National Defense Council (Representative) 鄧穎超","1940"
"Deputy Secretary","Supreme National Defense Council (Deputy Secretary) 甘乃光","false","Deputy Secretary","Supreme National Defense Council (Deputy Secretary) 甘乃光","1942"
"Member","Supreme National Defense Council (Member) 黃炎培","false","Member","Supreme National Defense Council (Member) 黃炎培","1939"
"Chairman","Supreme National Defense Council (Chairman) 蔣介石","false","Chairman","Supreme National Defense Council (Chairman) 蔣介石","1939"
"Secretary General","Supreme National Defense Council (Secretary General) 王寵惠","false","Secretary General","Supreme National Defense Council (Secretary General) 王寵惠","1942"
"Member","Supreme National Defense Council (Member) 晏陽初","false","Member","Supreme National Defense Council (Member) 晏陽初",
"Secretary","Supreme National Defense Council (Secretary) 曾仲鳴","false","Secretary","Supreme National Defense Council (Secretary) 曾仲鳴","1937"
"Secretary General","Supreme National Defense Council (Secretary General) 張群","false","Secretary General","Supreme National Defense Council (Secretary General) 張群","1938"
"Secretary General","Supreme National Defense Council (Secretary General) 張群","false","Secretary General","Supreme National Defense Council (Secretary General) 張群","1939"
"Member","Supreme National Defense Council (Member) 鄒魯","false","Member","Supreme National Defense Council (Member) 鄒魯","1940"
"Director","Communist Youth Corps (Director) 秦邦憲","false","Director","Communist Youth Corps (Director) 秦邦憲","1931"
"Secretary General","Communist Youth Corps (Secretary General) 秦邦憲","false","Secretary General","Communist Youth Corps (Secretary General) 秦邦憲","1931"
"Lecturer","Training Schools for Peasant Cadres (Lecturer) 瞿秋白","false","Lecturer","Training Schools for Peasant Cadres (Lecturer) 瞿秋白","1926"
"Representative","Executive Headquarters (Representative) 饒漱石","false","Representative","Executive Headquarters (Representative) 饒漱石","1946"
"Political Adviser","Truce Agreement Executive Headquarters (Political Adviser) 饒漱石","false","Political Adviser","Truce Agreement Executive Headquarters (Political Adviser) 饒漱石",
"Faculty member","Central Cadres School (Faculty member) 任卓宣","false","Faculty member","Central Cadres School (Faculty member) 任卓宣","1943"
"Member","Chinese Socialist Youth Corps (Member) 任卓宣","false","Member","Chinese Socialist Youth Corps (Member) 任卓宣","1921"
"Member","French Communist Party (Member) 任卓宣","false","Member","French Communist Party (Member) 任卓宣","1921"
"Member","French Communist Party (Member) 王若飛","false","Member","French Communist Party (Member) 王若飛","1922"
"Director","Overseas Department (Director) 邵元沖","false","Director","Overseas Department (Director) 邵元沖",
"Member","Party Administration Committee for the War Areas (Member) 陳誠","false","Member","Party Administration Committee for the War Areas (Member) 陳誠","1939"
"Chairman","Chinese People's National Committee (Chairman) 宋慶齡","false","Chairman","Chinese People's National Committee (Chairman) 宋慶齡","1951"
"Representative","Beijing Executive Headquarters (Representative) 陳賡","false","Representative","Beijing Executive Headquarters (Representative) 陳賡","1946"
"Leader","Third Party (Leader) 譚平山","false","Leader","Third Party (Leader) 譚平山","1927"
"Staff Member","Beijing Executive Headquarters (Staff Member) 李克農","false","Staff Member","Beijing Executive Headquarters (Staff Member) 李克農","1946"
"Member","Third Party (Member) 章伯鈞","false","Member","Third Party (Member) 章伯鈞","1927"
"Negotiator","Beijing Executive Headquarters (Negotiator) 陸定一","false","Negotiator","Beijing Executive Headquarters (Negotiator) 陸定一","1946"
"Chief of Staff","Beijing Executive Headquarters (Chief of Staff) 羅瑞卿","false","Chief of Staff","Beijing Executive Headquarters (Chief of Staff) 羅瑞卿","1946"
"Representative","Northeast Truce Team (Representative) 譚政","false","Representative","Northeast Truce Team (Representative) 譚政","1946"
"Secretary","Zhejiang Provincial Party Committee (Secretary) 譚震林","false","Secretary","Zhejiang Provincial Party Committee (Secretary) 譚震林","1949"
"Member","Central Political Council (Member) 陳果夫","false","Member","Central Political Council (Member) 陳果夫","1927"
"Member","Central Political Council (Member) 陳銘樞","false","Member","Central Political Council (Member) 陳銘樞","1928"
"Central Political Council Member","Central Political Council (Central Political Council Member) 戴季陶","false","Central Political Council Member","Central Political Council (Central Political Council Member) 戴季陶","1924"
"Member","Central Political Council (Member) 邵力子","false","Member","Central Political Council (Member) 邵力子","1928"
"Assemblyman","National assembly (Assemblyman) 唐生智","false","Assemblyman","National assembly (Assemblyman) 唐生智","1948"
"Member","Central Political Council (Member) 吳稚輝","false","Member","Central Political Council (Member) 吳稚輝","1931"
"Deputy Secretary General","Central Political Council (Deputy Secretary General) 曾仲鳴","false","Deputy Secretary General","Central Political Council (Deputy Secretary General) 曾仲鳴","1932"
"Member","Central Political Council (Member) 張群","false","Member","Central Political Council (Member) 張群","1928"
"Central Political Council Member","Central Political Council (Central Political Council Member) 朱家驊","false","Central Political Council Member","Central Political Council (Central Political Council Member) 朱家驊","1935"
"Member","Tongmenghui (Member) 陳果夫","false","Member","Tongmenghui (Member) 陳果夫","1911"
"Member","Tongmenghui (Member) 陳銘樞","false","Member","Tongmenghui (Member) 陳銘樞","1908"
"Member","Tongmenghui (Member) 陳其美","false","Member","Tongmenghui (Member) 陳其美","1906"
"Member","Tongmenghui (Member) 程潛","false","Member","Tongmenghui (Member) 程潛","1906"
"Member","Tongmenghui (Member) 褚民誼","false","Member","Tongmenghui (Member) 褚民誼","1907"
"Member","Tongmenghui (Member) 戴季陶","false","Member","Tongmenghui (Member) 戴季陶","1910"
"Chief","Tongmenghui (Chief) 鄧澤如","false","Chief","Tongmenghui (Chief) 鄧澤如","1907"
"Chief","Tongmenghui (Chief) 鄧澤如","false","Chief","Tongmenghui (Chief) 鄧澤如","1907"
"Member","Guomindang Kai-tsu T'ungchih Hui [society of Comrades for Guomindang Reorganization] (Member) 陶希聖","false","Member","Guomindang Kai-tsu T'ungchih Hui [society of Comrades for Guomindang Reorganization] (Member) 陶希聖","1928"
"Fundraiser","Tongmenghui (Fundraiser) 鄧澤如","false","Fundraiser","Tongmenghui (Fundraiser) 鄧澤如","1907"
"Member","Tongmenghui (Member) 丁惟汾","false","Member","Tongmenghui (Member) 丁惟汾","1905"
"Director","Tongmenghui (Director) 丁惟汾","false","Director","Tongmenghui (Director) 丁惟汾","1912"
"Member","Tongmenghui (Member) 董必武","false","Member","Tongmenghui (Member) 董必武","1911"
"Member","Tongmenghui (Member) 董必武","false","Member","Tongmenghui (Member) 董必武","1912"
"Member","Tongmenghui (Member) 高崙","false","Member","Tongmenghui (Member) 高崙","1906"
"Member","Tongmenghui (Member) 高嵡","false","Member","Tongmenghui (Member) 高嵡","1911"
"Member","Tongmenghui (Member) 古應芬","false","Member","Tongmenghui (Member) 古應芬","1905"
"Member","Tongmenghui (Member) 何成濬","false","Member","Tongmenghui (Member) 何成濬","1909"
"Member","Tongmenghui (Member) 何香凝","false","Member","Tongmenghui (Member) 何香凝","1905"
"Member","Tongmenghui (Member) 何應欽","false","Member","Tongmenghui (Member) 何應欽","1909"
"Member","Tongmenghui (Member) 胡漢民","false","Member","Tongmenghui (Member) 胡漢民","1905"
"Member","Tongmenghui (Member) 胡漢民","false","Member","Tongmenghui (Member) 胡漢民","1905"
"Member","Tongmenghui (Member) 蔣介石","false","Member","Tongmenghui (Member) 蔣介石","1908"
"Member","Tongmenghui (Member) 居正","false","Member","Tongmenghui (Member) 居正","1906"
"Member","Tongmenghui (Member) 李烈鈞","false","Member","Tongmenghui (Member) 李烈鈞","1906"
"Member","Tongmenghui (Member) 李宗仁","false","Member","Tongmenghui (Member) 李宗仁","1909"
"Member","Tongmenghui (Member) 梁漱溟","false","Member","Tongmenghui (Member) 梁漱溟","1911"
"Member","Tongmenghui (Member) 林伯渠","false","Member","Tongmenghui (Member) 林伯渠","1905"
"Member","Tongmenghui (Member) 林文慶","false","Member","Tongmenghui (Member) 林文慶","1907"
"Member","Tongmenghui (Member) 柳亞子","false","Member","Tongmenghui (Member) 柳亞子","1906"
"Chairman","Tongmenghui (Chairman) 任鴻雋","false","Chairman","Tongmenghui (Chairman) 任鴻雋","1908"
"Member","Tongmenghui (Member) 任鴻雋","false","Member","Tongmenghui (Member) 任鴻雋","1908"
"Member","Tongmenghui (Member) 邵力子","false","Member","Tongmenghui (Member) 邵力子","1908"
"Member","Tongmenghui (Member) 邵元沖","false","Member","Tongmenghui (Member) 邵元沖","1906"
"Member","Tongmenghui (Member) 沈鴻烈","false","Member","Tongmenghui (Member) 沈鴻烈","1905"
"Member","Tongmenghui (Member) 孫傳芳","false","Member","Tongmenghui (Member) 孫傳芳","1905"
"Member","Tongmenghui (Member) 孫中山","false","Member","Tongmenghui (Member) 孫中山","1905"
"Member","Tongmenghui (Member) 譚平山","false","Member","Tongmenghui (Member) 譚平山","1907"
"Member","Tongmenghui (Member) 覃振","false","Member","Tongmenghui (Member) 覃振","1905"
"Member","Tongmenghui (Member) 覃振","false","Member","Tongmenghui (Member) 覃振","1905"
"Member","Tongmenghui (Member) 唐繼堯","false","Member","Tongmenghui (Member) 唐繼堯","1905"
"Member","Tongmenghui (Member) 唐紹儀","false","Member","Tongmenghui (Member) 唐紹儀","1911"
"Member","Tongmenghui (Member) 汪精衛","false","Member","Tongmenghui (Member) 汪精衛","1905"
"Member","Tongmenghui (Member) 王芃生","false","Member","Tongmenghui (Member) 王芃生","1909"
"Member","Tongmenghui (Member) 吳鐵城","false","Member","Tongmenghui (Member) 吳鐵城","1910"
"Member","Tongmenghui (Member) 吳玉章","false","Member","Tongmenghui (Member) 吳玉章","1905"
"Member","Tongmenghui (Member) 吳忠信","false","Member","Tongmenghui (Member) 吳忠信","1906"
"Member","Tongmenghui (Member) 謝持","false","Member","Tongmenghui (Member) 謝持","1907"
"Member","Tongmenghui (Member) 謝持","false","Member","Tongmenghui (Member) 謝持","1909"
"Member","Tongmenghui (Member) 熊克武","false","Member","Tongmenghui (Member) 熊克武","1905"
"Member","Tongmenghui (Member) 熊式輝","false","Member","Tongmenghui (Member) 熊式輝","1911"
"Interpreter","Pavel Mif (Interpreter) 王明","false","Interpreter","Pavel Mif (Interpreter) 王明","1927"
"Member","Tongmenghui (Member) 徐特立","false","Member","Tongmenghui (Member) 徐特立","1911"
"Member","Tongmenghui (Member) 閻錫山","false","Member","Tongmenghui (Member) 閻錫山","1905"
"Chief","Guomindang Party Leader's Office (Chief) 王世傑","false","Chief","Guomindang Party Leader's Office (Chief) 王世傑","1949"
"Member","Tongmenghui (Member) 楊銓","false","Member","Tongmenghui (Member) 楊銓","1911"
"Member","Tongmenghui (Member) 楊森","false","Member","Tongmenghui (Member) 楊森","1911"
"Member","Tongmenghui (Member) 章炳麟","false","Member","Tongmenghui (Member) 章炳麟","1906"
"Member","Tongmenghui (Member) 張默君","false","Member","Tongmenghui (Member) 張默君","1927"
"Writer","Tongmenghui (Writer) 張人傑","false","Writer","Tongmenghui (Writer) 張人傑","1906"
"Member","Tongmenghui (Member) 張人傑","false","Member","Tongmenghui (Member) 張人傑","1907"
"Member","Tongmenghui (Member) 趙恆惕","false","Member","Tongmenghui (Member) 趙恆惕","1905"
"Member","Tongmenghui (Member) 朱德","false","Member","Tongmenghui (Member) 朱德","1909"
"Member","Tongmenghui (Member) 朱德","false","Member","Tongmenghui (Member) 朱德","1911"
"Member","Tongmenghui (Member) 朱経農","false","Member","Tongmenghui (Member) 朱経農","1905"
"Political Commissar","Hubei-Henan Area (Political Commissar) 王震","false","Political Commissar","Hubei-Henan Area (Political Commissar) 王震","1944"
"Committee Member","Committee Charged With Drafting An Organizational Outline for the Government (Committee Member) 王正廷","false","Committee Member","Committee Charged With Drafting An Organizational Outline for the Government (Committee Member) 王正廷","1911"
"Member","Constitutional Conference (Member) 伍朝樞","false","Member","Constitutional Conference (Member) 伍朝樞","1914"
"Delegate","Chinese People's Consultative Conference (Delegate) 吳晗","false","Delegate","Chinese People's Consultative Conference (Delegate) 吳晗","1949"
"Director of General Affairs","Zhonghua Gemindang (Director of General Affairs) 陳其美","false","Director of General Affairs","Zhonghua Gemindang (Director of General Affairs) 陳其美","1914"
"Member","Zhonghua Gemindang (Member) 居正","false","Member","Zhonghua Gemindang (Member) 居正","1914"
"Member","Zhonghua Gemindang (Member) 張人傑","false","Member","Zhonghua Gemindang (Member) 張人傑","1914"
"Standing Committee Member","Guomindang Enlarged Conference (Standing Committee Member) 謝持","false","Standing Committee Member","Guomindang Enlarged Conference (Standing Committee Member) 謝持","1930"
"Member","All-China Association of Dramatic Workers (Member) 熊佛西","false","Member","All-China Association of Dramatic Workers (Member) 熊佛西","1949"
